Date,Adj Close,Close,High,Low,Open,Volume
2018-02-08,5.299415111541748,6.579999923706055,7.199999809265137,6.579999923706055,6.949999809265137,226144254
2018-02-09,5.31552267074585,6.599999904632568,6.619999885559082,6.369999885559082,6.590000152587891,56214315
2018-02-12,5.251092433929443,6.519999980926514,6.699999809265137,6.480000019073486,6.699999809265137,25972803
2018-02-13,5.218876838684082,6.480000019073486,6.619999885559082,6.480000019073486,6.539999961853027,24346683
2018-02-14,5.162500381469727,6.409999847412109,6.550000190734863,6.400000095367432,6.519999980926514,12240981
2018-02-15,5.307468891143799,6.590000152587891,6.590000152587891,6.440000057220459,6.460000038146973,20516318
2018-02-16,5.259146213531494,6.53000020980835,6.599999904632568,6.5,6.599999904632568,10492774
2018-02-19,5.444384574890137,6.760000228881836,6.809999942779541,6.46999979019165,6.559999942779541,32421395
2018-02-20,5.47659969329834,6.800000190734863,6.980000019073486,6.690000057220459,6.739999771118164,31520168
2018-02-21,5.589353084564209,6.940000057220459,6.96999979019165,6.75,6.940000057220459,11180052
2018-02-22,5.790698528289795,7.190000057220459,7.300000190734863,6.980000019073486,7.119999885559082,70088758
2018-02-23,5.790698528289795,7.190000057220459,7.25,7.039999961853027,7.239999771118164,20397548
2018-02-26,5.750429153442383,7.139999866485596,7.239999771118164,7.119999885559082,7.210000038146973,14881209
2018-02-27,5.685998916625977,7.059999942779541,7.159999847412109,7.03000020980835,7.150000095367432,8664997
2018-02-28,5.645730018615723,7.010000228881836,7.110000133514404,6.960000038146973,7.0,7248968
2018-03-01,5.6940531730651855,7.070000171661377,7.119999885559082,6.960000038146973,6.980000019073486,14278050
2018-03-02,5.734321594238281,7.119999885559082,7.159999847412109,7.070000171661377,7.130000114440918,12280009
2018-03-05,5.645730018615723,7.010000228881836,7.139999866485596,6.940000057220459,7.130000114440918,10616524
2018-03-06,5.645730018615723,7.010000228881836,7.079999923706055,6.980000019073486,7.019999980926514,5033059
2018-03-07,5.621568202972412,6.980000019073486,7.03000020980835,6.96999979019165,7.0,4823113
2018-03-08,5.613513946533203,6.96999979019165,7.0,6.940000057220459,6.989999771118164,2741932
2018-03-09,5.605460166931152,6.960000038146973,7.059999942779541,6.929999828338623,6.980000019073486,3877573
2018-03-12,5.605460166931152,6.960000038146973,7.010000228881836,6.900000095367432,6.980000019073486,4248893
2018-03-13,5.621568202972412,6.980000019073486,6.989999771118164,6.889999866485596,6.989999771118164,6368111
2018-03-14,5.742375373840332,7.130000114440918,7.150000095367432,6.96999979019165,6.980000019073486,16450894
2018-03-15,5.790698528289795,7.190000057220459,7.289999961853027,7.119999885559082,7.150000095367432,18833448
2018-03-16,5.8390212059021,7.25,7.320000171661377,7.110000133514404,7.199999809265137,17636733
2018-03-19,5.8068060874938965,7.210000038146973,7.369999885559082,7.159999847412109,7.329999923706055,23215131
2018-03-20,5.814859390258789,7.21999979019165,7.320000171661377,7.190000057220459,7.25,12727855
2018-03-21,5.790698528289795,7.190000057220459,7.239999771118164,7.150000095367432,7.230000019073486,11826952
2018-03-22,5.750429153442383,7.139999866485596,7.210000038146973,7.119999885559082,7.210000038146973,5047244
2018-03-23,5.71821403503418,7.099999904632568,7.130000114440918,7.0,7.070000171661377,4444832
2018-03-26,5.710160255432129,7.090000152587891,7.210000038146973,7.079999923706055,7.130000114440918,6197263
2018-03-27,5.734321594238281,7.119999885559082,7.210000038146973,7.090000152587891,7.139999866485596,11178249
2018-03-28,5.7262678146362305,7.110000133514404,7.170000076293945,7.03000020980835,7.119999885559082,9679059
2018-03-29,5.734321594238281,7.119999885559082,7.139999866485596,7.090000152587891,7.139999866485596,5295299
2018-03-30,5.7262678146362305,7.110000133514404,7.190000057220459,7.110000133514404,7.159999847412109,4133987
2018-04-02,5.790698528289795,7.190000057220459,7.210000038146973,7.099999904632568,7.119999885559082,5756922
2018-04-03,5.807507038116455,6.909999847412109,6.949999809265137,6.849999904632568,6.909999847412109,8789708
2018-04-04,5.866338729858398,6.980000019073486,6.989999771118164,6.900000095367432,6.909999847412109,9137422
2018-04-05,5.899956703186035,7.019999980926514,7.059999942779541,6.920000076293945,7.0,9577536
2018-04-06,5.883148193359375,7.0,7.050000190734863,6.949999809265137,7.019999980926514,3480288
2018-04-09,5.857934474945068,6.96999979019165,7.059999942779541,6.949999809265137,7.03000020980835,5761314
2018-04-10,5.757080078125,6.849999904632568,7.0,6.75,6.989999771118164,8581580
2018-04-11,5.681440353393555,6.760000228881836,6.860000133514404,6.409999847412109,6.849999904632568,6512622
2018-04-12,5.715057849884033,6.800000190734863,6.849999904632568,6.71999979019165,6.739999771118164,4576644
2018-04-13,5.757080078125,6.849999904632568,6.849999904632568,6.769999980926514,6.800000190734863,3106712
2018-04-16,5.748676300048828,6.840000152587891,6.869999885559082,6.809999942779541,6.820000171661377,2337508
2018-04-17,5.698249340057373,6.78000020980835,6.920000076293945,6.570000171661377,6.880000114440918,6155133
2018-04-18,5.782293796539307,6.880000114440918,6.940000057220459,6.650000095367432,6.78000020980835,4247910
2018-04-19,5.782293796539307,6.880000114440918,6.960000038146973,6.880000114440918,6.900000095367432,3439989
2018-04-20,5.73186731338501,6.820000171661377,6.889999866485596,6.78000020980835,6.889999866485596,1913728
2018-04-23,5.73186731338501,6.820000171661377,6.820000171661377,6.820000171661377,6.820000171661377,0
2018-04-24,5.7234625816345215,6.809999942779541,6.860000133514404,6.760000228881836,6.789999961853027,1408166
2018-04-25,5.790698528289795,6.889999866485596,6.920000076293945,6.769999980926514,6.800000190734863,4474952
2018-04-26,5.84112548828125,6.949999809265137,6.980000019073486,6.889999866485596,6.900000095367432,5814723
2018-04-27,5.824316024780273,6.929999828338623,7.03000020980835,6.909999847412109,6.960000038146973,6366074
2018-04-30,5.64782190322876,6.71999979019165,6.980000019073486,6.670000076293945,6.940000057220459,4732421
2018-05-01,5.64782190322876,6.71999979019165,6.71999979019165,6.71999979019165,6.71999979019165,0
2018-05-02,5.807507038116455,6.909999847412109,6.920000076293945,6.659999847412109,6.75,10051419
2018-05-03,5.908361434936523,7.03000020980835,7.110000133514404,6.829999923706055,6.980000019073486,10711457
2018-05-04,5.84952974319458,6.960000038146973,7.079999923706055,6.900000095367432,7.079999923706055,4916204
2018-05-07,5.740271091461182,6.829999923706055,6.960000038146973,6.809999942779541,6.960000038146973,1661873
2018-05-08,5.673035144805908,6.75,6.860000133514404,6.71999979019165,6.840000152587891,2225311
2018-05-09,5.563776969909668,6.619999885559082,6.78000020980835,6.610000133514404,6.659999847412109,3181254
2018-05-10,5.462923049926758,6.5,6.730000019073486,6.46999979019165,6.650000095367432,6336739
2018-05-11,5.4461140632629395,6.480000019073486,6.599999904632568,6.429999828338623,6.510000228881836,6119400
2018-05-14,5.4881367683410645,6.53000020980835,6.559999942779541,6.449999809265137,6.46999979019165,2187716
2018-05-15,5.580585956573486,6.639999866485596,6.679999828338623,6.449999809265137,6.5,3600370
2018-05-16,5.580585956573486,6.639999866485596,6.679999828338623,6.519999980926514,6.630000114440918,2725391
2018-05-17,5.563776969909668,6.619999885559082,6.670000076293945,6.579999923706055,6.659999847412109,1067346
2018-05-18,5.555372714996338,6.610000133514404,6.670000076293945,6.599999904632568,6.650000095367432,1414022
2018-05-21,5.588990688323975,6.650000095367432,6.690000057220459,6.559999942779541,6.639999866485596,1889805
2018-05-22,5.580585956573486,6.639999866485596,6.679999828338623,6.610000133514404,6.650000095367432,2216274
2018-05-23,5.4881367683410645,6.53000020980835,6.610000133514404,6.480000019073486,6.599999904632568,3116663
2018-05-24,5.395687103271484,6.420000076293945,6.599999904632568,6.400000095367432,6.570000171661377,1826860
2018-05-25,5.429305076599121,6.460000038146973,6.489999771118164,6.400000095367432,6.46999979019165,2893915
2018-05-28,5.555372714996338,6.610000133514404,6.639999866485596,6.519999980926514,6.570000171661377,4769094
2018-05-29,5.588990688323975,6.650000095367432,6.670000076293945,6.539999961853027,6.619999885559082,2812153
2018-05-30,5.54696798324585,6.599999904632568,6.730000019073486,6.590000152587891,6.650000095367432,2579183
2018-05-31,5.521754741668701,6.570000171661377,6.659999847412109,6.46999979019165,6.639999866485596,1230839
2018-06-01,5.4965410232543945,6.539999961853027,6.599999904632568,6.489999771118164,6.590000152587891,2652614
2018-06-04,5.471327781677246,6.510000228881836,6.590000152587891,6.5,6.550000190734863,986161
2018-06-05,5.462923049926758,6.5,6.570000171661377,6.460000038146973,6.510000228881836,4704495
2018-06-06,5.404091835021973,6.429999828338623,6.519999980926514,6.349999904632568,6.489999771118164,3872316
2018-06-07,5.504945755004883,6.550000190734863,6.550000190734863,6.400000095367432,6.420000076293945,3684964
2018-06-08,5.530158996582031,6.579999923706055,6.679999828338623,6.480000019073486,6.550000190734863,3916988
2018-06-11,5.54696798324585,6.599999904632568,6.690000057220459,6.559999942779541,6.650000095367432,7157950
2018-06-12,5.462923049926758,6.5,6.619999885559082,6.480000019073486,6.579999923706055,3325819
2018-06-13,5.404091835021973,6.429999828338623,6.550000190734863,6.400000095367432,6.480000019073486,2199662
2018-06-14,5.294833660125732,6.300000190734863,6.489999771118164,6.300000190734863,6.46999979019165,6805427
2018-06-15,5.294833660125732,6.300000190734863,6.300000190734863,6.300000190734863,6.300000190734863,0
2018-06-18,5.328451156616211,6.340000152587891,6.400000095367432,6.130000114440918,6.300000190734863,4435968
2018-06-19,5.370473384857178,6.389999866485596,6.420000076293945,6.289999961853027,6.329999923706055,2635698
2018-06-20,5.320046424865723,6.329999923706055,6.480000019073486,6.309999942779541,6.389999866485596,3354016
2018-06-21,5.185575008392334,6.170000076293945,6.360000133514404,6.150000095367432,6.320000171661377,7028019
2018-06-22,5.1771697998046875,6.159999847412109,6.21999979019165,6.139999866485596,6.199999809265137,2998817
2018-06-25,5.042698383331299,6.0,6.289999961853027,6.0,6.260000228881836,5436721
2018-06-26,5.1183390617370605,6.090000152587891,6.130000114440918,5.980000019073486,6.03000020980835,3400616
2018-06-27,5.202383995056152,6.190000057220459,6.21999979019165,6.090000152587891,6.119999885559082,4613515
2018-06-28,5.160361289978027,6.139999866485596,6.239999771118164,6.139999866485596,6.199999809265137,5044124
2018-06-29,5.185575008392334,6.170000076293945,6.21999979019165,6.130000114440918,6.170000076293945,4626162
2018-07-02,5.151956558227539,6.130000114440918,6.190000057220459,6.119999885559082,6.179999828338623,3053647
2018-07-03,5.160361289978027,6.139999866485596,6.170000076293945,5.96999979019165,6.139999866485596,2583099
2018-07-04,5.185575008392334,6.170000076293945,6.25,6.099999904632568,6.139999866485596,5111670
2018-07-05,5.395687103271484,6.420000076293945,6.440000057220459,6.170000076293945,6.210000038146973,11016146
2018-07-06,5.286428451538086,6.289999961853027,6.429999828338623,6.28000020980835,6.420000076293945,3194841
2018-07-09,5.269619941711426,6.269999980926514,6.400000095367432,6.230000019073486,6.329999923706055,4330784
2018-07-10,5.193978786468506,6.179999828338623,6.21999979019165,6.070000171661377,6.210000038146973,6259048
2018-07-11,5.000675678253174,5.949999809265137,6.159999847412109,5.909999847412109,6.159999847412109,4619884
2018-07-12,4.908226490020752,5.840000152587891,5.96999979019165,5.690000057220459,5.940000057220459,5425837
2018-07-13,4.975462436676025,5.920000076293945,5.989999771118164,5.739999771118164,5.889999866485596,4529119
2018-07-16,4.857799530029297,5.78000020980835,5.989999771118164,5.739999771118164,5.980000019073486,3476925
2018-07-17,4.9502482414245605,5.889999866485596,5.929999828338623,5.769999980926514,5.809999942779541,6034676
2018-07-18,5.0763163566589355,6.039999961853027,6.059999942779541,5.869999885559082,5.900000095367432,3901041
2018-07-19,5.126742839813232,6.099999904632568,6.150000095367432,5.989999771118164,6.03000020980835,4758261
2018-07-20,5.160361289978027,6.139999866485596,6.199999809265137,6.050000190734863,6.119999885559082,4136739
2018-07-23,5.278024196624756,6.28000020980835,6.28000020980835,6.170000076293945,6.179999828338623,5495807
2018-07-24,5.168765544891357,6.150000095367432,6.329999923706055,6.139999866485596,6.289999961853027,6812800
2018-07-25,5.151956558227539,6.130000114440918,6.199999809265137,6.090000152587891,6.139999866485596,3624734
2018-07-26,5.051103115081787,6.010000228881836,6.170000076293945,5.980000019073486,6.150000095367432,4027429
2018-07-27,5.042698383331299,6.0,6.070000171661377,5.96999979019165,5.989999771118164,1799251
2018-07-30,5.0258893966674805,5.980000019073486,6.039999961853027,5.920000076293945,6.010000228881836,1861733
2018-07-31,5.0763163566589355,6.039999961853027,6.050000190734863,5.949999809265137,5.96999979019165,2875274
2018-08-01,4.975462436676025,5.920000076293945,6.050000190734863,5.869999885559082,6.050000190734863,3104105
2018-08-02,4.8409905433654785,5.760000228881836,5.869999885559082,5.730000019073486,5.869999885559082,3421860
2018-08-03,4.874608516693115,5.800000190734863,5.829999923706055,5.739999771118164,5.75,2412736
2018-08-06,4.790563106536865,5.699999809265137,5.800000190734863,5.659999847412109,5.789999961853027,2563843
2018-08-07,4.773754119873047,5.679999828338623,5.739999771118164,5.639999866485596,5.690000057220459,2616603
2018-08-08,4.748540878295898,5.650000095367432,5.71999979019165,5.639999866485596,5.690000057220459,2313497
2018-08-09,4.824181079864502,5.739999771118164,5.909999847412109,5.539999961853027,5.610000133514404,13053861
2018-08-10,4.681304931640625,5.570000171661377,5.78000020980835,4.829999923706055,5.690000057220459,11714350
2018-08-13,4.235866546630859,5.039999961853027,5.550000190734863,4.869999885559082,5.510000228881836,15074684
2018-08-14,4.44597864151001,5.289999961853027,5.389999866485596,5.159999847412109,5.210000038146973,8143188
2018-08-15,4.277889251708984,5.090000152587891,5.369999885559082,5.090000152587891,5.349999904632568,6615481
2018-08-16,4.160225868225098,4.949999809265137,5.199999809265137,4.909999847412109,5.199999809265137,8249890
2018-08-17,4.160225868225098,4.949999809265137,5.010000228881836,4.809999942779541,5.010000228881836,4090823
2018-08-20,4.202248573303223,5.0,5.050000190734863,4.929999828338623,5.010000228881836,892274
2018-08-21,4.202248573303223,5.0,5.0,5.0,5.0,0
2018-08-22,4.202248573303223,5.0,5.0,5.0,5.0,0
2018-08-23,4.202248573303223,5.0,5.0,5.0,5.0,0
2018-08-24,4.202248573303223,5.0,5.0,5.0,5.0,0
2018-08-27,4.311507225036621,5.130000114440918,5.130000114440918,5.010000228881836,5.010000228881836,2409529
2018-08-28,4.4207658767700195,5.260000228881836,5.309999942779541,5.130000114440918,5.150000095367432,2697226
2018-08-29,4.353529453277588,5.179999828338623,5.28000020980835,5.150000095367432,5.239999771118164,2333036
2018-08-30,4.353529453277588,5.179999828338623,5.179999828338623,5.179999828338623,5.179999828338623,0
2018-08-31,4.361933708190918,5.190000057220459,5.199999809265137,5.079999923706055,5.170000076293945,2440211
2018-09-03,4.361933708190918,5.190000057220459,5.230000019073486,5.119999885559082,5.190000057220459,2578007
2018-09-04,4.319911003112793,5.139999866485596,5.269999980926514,5.110000133514404,5.239999771118164,3665882
2018-09-05,4.2862935066223145,5.099999904632568,5.199999809265137,5.090000152587891,5.130000114440918,4184304
2018-09-06,4.269484519958496,5.079999923706055,5.150000095367432,5.050000190734863,5.110000133514404,1248277
2018-09-07,4.244271278381348,5.050000190734863,5.130000114440918,5.019999980926514,5.070000171661377,2459944
2018-09-10,4.210653305053711,5.010000228881836,5.079999923706055,4.96999979019165,5.079999923706055,2617539
2018-09-11,4.160225868225098,4.949999809265137,5.050000190734863,4.940000057220459,5.0,2379607
2018-09-12,4.143416881561279,4.929999828338623,5.0,4.869999885559082,4.949999809265137,1657223
2018-09-13,4.2526750564575195,5.059999942779541,5.21999979019165,4.909999847412109,4.949999809265137,4492089
2018-09-14,4.244271278381348,5.050000190734863,5.159999847412109,5.039999961853027,5.090000152587891,2208442
2018-09-17,4.3367204666137695,5.159999847412109,5.190000057220459,5.03000020980835,5.059999942779541,3488741
2018-09-18,4.4207658767700195,5.260000228881836,5.309999942779541,5.159999847412109,5.179999828338623,9696802
2018-09-19,4.4207658767700195,5.260000228881836,5.300000190734863,5.210000038146973,5.28000020980835,2542618
2018-09-20,4.345125198364258,5.170000076293945,5.269999980926514,5.130000114440918,5.269999980926514,3008517
2018-09-21,4.44597864151001,5.289999961853027,5.349999904632568,5.150000095367432,5.190000057220459,4958440
2018-09-24,4.429169654846191,5.269999980926514,5.329999923706055,5.230000019073486,5.320000171661377,2714177
2018-09-25,4.370338439941406,5.199999809265137,5.289999961853027,5.179999828338623,5.289999961853027,2649558
2018-09-26,4.370338439941406,5.199999809265137,5.230000019073486,5.139999866485596,5.21999979019165,2165661
2018-09-27,4.4207658767700195,5.260000228881836,5.289999961853027,5.150000095367432,5.190000057220459,10251098
2018-09-28,4.437574863433838,5.28000020980835,5.329999923706055,5.239999771118164,5.260000228881836,4166609
2018-10-01,4.387146949768066,5.21999979019165,5.340000152587891,5.159999847412109,5.300000190734863,3947952
2018-10-02,4.353529453277588,5.179999828338623,5.230000019073486,5.119999885559082,5.230000019073486,1619227
2018-10-03,4.3283162117004395,5.150000095367432,5.199999809265137,5.110000133514404,5.179999828338623,1326548
2018-10-04,4.185439586639404,4.980000019073486,5.179999828338623,4.909999847412109,5.170000076293945,2580114
2018-10-05,4.235866546630859,5.039999961853027,5.079999923706055,4.900000095367432,4.960000038146973,2672828
2018-10-08,4.387146949768066,5.21999979019165,5.269999980926514,4.940000057220459,4.96999979019165,3142763
2018-10-09,4.3367204666137695,5.159999847412109,5.269999980926514,5.139999866485596,5.25,2855204
2018-10-10,4.151821613311768,4.940000057220459,5.179999828338623,4.929999828338623,5.159999847412109,3530319
2018-10-11,4.168630599975586,4.960000038146973,4.989999771118164,4.869999885559082,4.900000095367432,1753923
2018-10-12,4.185439586639404,4.980000019073486,5.019999980926514,4.880000114440918,5.0,2973229
2018-10-15,4.319911003112793,5.139999866485596,5.150000095367432,4.989999771118164,5.0,5407210
2018-10-16,4.3283162117004395,5.150000095367432,5.199999809265137,5.110000133514404,5.150000095367432,3303892
2018-10-17,4.303102493286133,5.119999885559082,5.179999828338623,5.059999942779541,5.159999847412109,4144006
2018-10-18,4.387146949768066,5.21999979019165,5.230000019073486,5.099999904632568,5.119999885559082,8492030
2018-10-19,4.412361145019531,5.25,5.300000190734863,5.21999979019165,5.239999771118164,6562409
2018-10-22,4.361933708190918,5.190000057220459,5.239999771118164,5.170000076293945,5.230000019073486,2111626
2018-10-23,4.269484519958496,5.079999923706055,5.179999828338623,5.050000190734863,5.179999828338623,2492161
2018-10-24,4.2526750564575195,5.059999942779541,5.119999885559082,5.050000190734863,5.110000133514404,1943363
2018-10-25,4.219057559967041,5.019999980926514,5.079999923706055,5.0,5.059999942779541,2266591
2018-10-26,4.118203639984131,4.900000095367432,5.03000020980835,4.889999866485596,5.019999980926514,2409712
2018-10-29,4.118203639984131,4.900000095367432,4.900000095367432,4.900000095367432,4.900000095367432,0
2018-10-30,3.9669225215911865,4.71999979019165,4.949999809265137,4.710000038146973,4.900000095367432,2828770
2018-10-31,4.025753974914551,4.789999961853027,4.880000114440918,4.739999771118164,4.769999980926514,2052568
2018-11-01,4.151821613311768,4.940000057220459,5.039999961853027,4.809999942779541,4.840000152587891,2856608
2018-11-02,4.109798908233643,4.889999866485596,4.96999979019165,4.860000133514404,4.929999828338623,2371789
2018-11-05,4.277889251708984,5.090000152587891,5.090000152587891,4.869999885559082,4.949999809265137,5642171
2018-11-06,4.244271278381348,5.050000190734863,5.179999828338623,5.03000020980835,5.150000095367432,10217876
2018-11-07,4.160225868225098,4.949999809265137,5.070000171661377,4.949999809265137,5.059999942779541,5495723
2018-11-08,4.1013946533203125,4.880000114440918,4.96999979019165,4.829999923706055,4.96999979019165,4193416
2018-11-09,4.067776679992676,4.840000152587891,4.900000095367432,4.829999923706055,4.900000095367432,1783214
2018-11-12,4.042562961578369,4.809999942779541,4.880000114440918,4.800000190734863,4.840000152587891,2534329
2018-11-13,4.034158706665039,4.800000190734863,4.860000133514404,4.78000020980835,4.820000171661377,2675482
2018-11-14,4.076180934906006,4.849999904632568,4.920000076293945,4.820000171661377,4.840000152587891,4471482
2018-11-15,4.067776679992676,4.840000152587891,4.869999885559082,4.809999942779541,4.840000152587891,2121043
2018-11-16,4.050968170166016,4.820000171661377,4.869999885559082,4.809999942779541,4.829999923706055,2321114
2018-11-19,4.0593719482421875,4.829999923706055,4.840000152587891,4.78000020980835,4.820000171661377,2298964
2018-11-20,3.992136240005493,4.75,4.860000133514404,4.71999979019165,4.809999942779541,4961548
2018-11-21,4.000540733337402,4.760000228881836,4.789999961853027,4.730000019073486,4.769999980926514,1826894
2018-11-22,4.000540733337402,4.760000228881836,4.78000020980835,4.670000076293945,4.769999980926514,5343747
2018-11-23,4.076180934906006,4.849999904632568,4.849999904632568,4.75,4.760000228881836,3033347
2018-11-26,4.1013946533203125,4.880000114440918,4.909999847412109,4.840000152587891,4.860000133514404,4986023
2018-11-27,4.135012626647949,4.920000076293945,4.949999809265137,4.849999904632568,4.880000114440918,5618869
2018-11-28,4.135012626647949,4.920000076293945,4.960000038146973,4.909999847412109,4.929999828338623,4885476
2018-11-29,4.143416881561279,4.929999828338623,4.949999809265137,4.860000133514404,4.949999809265137,4104298
2018-11-30,4.151821613311768,4.940000057220459,4.949999809265137,4.900000095367432,4.940000057220459,2474842
2018-12-03,4.160225868225098,4.949999809265137,5.019999980926514,4.940000057220459,5.010000228881836,3193256
2018-12-04,4.277889251708984,5.090000152587891,5.130000114440918,4.920000076293945,4.940000057220459,13071942
2018-12-05,4.277889251708984,5.090000152587891,5.119999885559082,5.050000190734863,5.079999923706055,2021669
2018-12-06,4.319911003112793,5.139999866485596,5.150000095367432,5.079999923706055,5.099999904632568,3184384
2018-12-07,4.345125198364258,5.170000076293945,5.239999771118164,5.159999847412109,5.170000076293945,3175634
2018-12-10,4.345125198364258,5.170000076293945,5.25,5.110000133514404,5.159999847412109,4169252
2018-12-11,4.370338439941406,5.199999809265137,5.210000038146973,5.139999866485596,5.170000076293945,1711688
2018-12-12,4.303102493286133,5.119999885559082,5.230000019073486,5.03000020980835,5.21999979019165,4148607
2018-12-13,4.345125198364258,5.170000076293945,5.190000057220459,5.099999904632568,5.159999847412109,1561479
2018-12-14,4.454383373260498,5.300000190734863,5.300000190734863,5.130000114440918,5.179999828338623,4427940
2018-12-17,4.437574863433838,5.28000020980835,5.340000152587891,5.25,5.309999942779541,2210896
2018-12-18,4.44597864151001,5.289999961853027,5.309999942779541,5.239999771118164,5.25,1440695
2018-12-19,4.361933708190918,5.190000057220459,5.300000190734863,5.159999847412109,5.28000020980835,1935718
2018-12-20,4.462788105010986,5.309999942779541,5.349999904632568,5.170000076293945,5.179999828338623,4230424
2018-12-21,4.3787431716918945,5.210000038146973,5.320000171661377,5.190000057220459,5.309999942779541,1809306
2018-12-24,4.303102493286133,5.119999885559082,5.25,5.099999904632568,5.239999771118164,1336092
2018-12-25,4.244271278381348,5.050000190734863,5.130000114440918,5.019999980926514,5.130000114440918,721689
2018-12-26,4.235866546630859,5.039999961853027,5.099999904632568,5.03000020980835,5.050000190734863,587072
2018-12-27,4.210653305053711,5.010000228881836,5.119999885559082,5.0,5.050000190734863,1032016
2018-12-28,4.219057559967041,5.019999980926514,5.050000190734863,4.980000019073486,5.010000228881836,1217342
2018-12-31,4.2862935066223145,5.099999904632568,5.099999904632568,4.96999979019165,5.0,690224
2019-01-01,4.2862935066223145,5.099999904632568,5.099999904632568,5.099999904632568,5.099999904632568,0
2019-01-02,4.151821613311768,4.940000057220459,5.079999923706055,4.940000057220459,5.079999923706055,1790476
2019-01-03,4.126607894897461,4.909999847412109,4.980000019073486,4.880000114440918,4.909999847412109,2620648
2019-01-04,4.143416881561279,4.929999828338623,4.929999828338623,4.880000114440918,4.909999847412109,989941
2019-01-07,4.193843841552734,4.989999771118164,5.050000190734863,4.949999809265137,4.949999809265137,1546170
2019-01-08,4.202248573303223,5.0,5.019999980926514,4.880000114440918,5.0,1216686
2019-01-09,4.160225868225098,4.949999809265137,5.019999980926514,4.929999828338623,5.0,976516
2019-01-10,4.135012626647949,4.920000076293945,4.96999979019165,4.900000095367432,4.960000038146973,1491149
2019-01-11,4.160225868225098,4.949999809265137,5.079999923706055,4.929999828338623,4.960000038146973,5209827
2019-01-14,4.126607894897461,4.909999847412109,4.929999828338623,4.860000133514404,4.909999847412109,1909039
2019-01-15,4.135012626647949,4.920000076293945,4.949999809265137,4.889999866485596,4.920000076293945,1421352
2019-01-16,4.185439586639404,4.980000019073486,5.019999980926514,4.900000095367432,4.929999828338623,2822372
2019-01-17,4.219057559967041,5.019999980926514,5.059999942779541,4.96999979019165,4.989999771118164,2828784
2019-01-18,4.269484519958496,5.079999923706055,5.079999923706055,5.019999980926514,5.019999980926514,4242962
2019-01-21,4.2526750564575195,5.059999942779541,5.159999847412109,5.050000190734863,5.079999923706055,4681637
2019-01-22,4.303102493286133,5.119999885559082,5.139999866485596,5.050000190734863,5.070000171661377,3991048
2019-01-23,4.3367204666137695,5.159999847412109,5.159999847412109,5.079999923706055,5.139999866485596,3850524
2019-01-24,4.403955936431885,5.239999771118164,5.28000020980835,5.139999866485596,5.159999847412109,9690133
2019-01-25,4.387146949768066,5.21999979019165,5.28000020980835,5.179999828338623,5.260000228881836,3344230
2019-01-28,4.345125198364258,5.170000076293945,5.25,5.150000095367432,5.210000038146973,2101751
2019-01-29,4.403955936431885,5.239999771118164,5.239999771118164,5.119999885559082,5.150000095367432,2942585
2019-01-30,4.412361145019531,5.25,5.269999980926514,5.210000038146973,5.260000228881836,4096538
2019-01-31,4.714922904968262,5.610000133514404,5.730000019073486,5.25,5.28000020980835,23148327
2019-02-01,4.807372093200684,5.71999979019165,5.78000020980835,5.550000190734863,5.610000133514404,14958921
2019-02-04,4.782158851623535,5.690000057220459,5.760000228881836,5.630000114440918,5.71999979019165,1386110
2019-02-05,4.689709186553955,5.579999923706055,5.71999979019165,5.559999942779541,5.690000057220459,3036678
2019-02-06,4.639282703399658,5.519999980926514,5.679999828338623,5.460000038146973,5.619999885559082,2968146
2019-02-07,4.689709186553955,5.579999923706055,5.639999866485596,5.5,5.539999961853027,3642809
2019-02-08,4.656091213226318,5.539999961853027,5.610000133514404,5.53000020980835,5.570000171661377,4265452
2019-02-11,4.714922904968262,5.610000133514404,5.670000076293945,5.559999942779541,5.559999942779541,3920598
2019-02-12,4.605664253234863,5.480000019073486,5.650000095367432,5.289999961853027,5.619999885559082,6681901
2019-02-13,4.672900199890137,5.559999942779541,5.579999923706055,5.429999828338623,5.53000020980835,3127930
2019-02-14,4.782158851623535,5.690000057220459,5.789999961853027,5.53000020980835,5.559999942779541,4552130
2019-02-15,4.765349864959717,5.670000076293945,5.730000019073486,5.539999961853027,5.690000057220459,5456569
2019-02-18,4.73173189163208,5.630000114440918,5.699999809265137,5.559999942779541,5.690000057220459,1650975
2019-02-19,4.773754119873047,5.679999828338623,5.690000057220459,5.599999904632568,5.650000095367432,964584
2019-02-20,4.807372093200684,5.71999979019165,5.769999980926514,5.699999809265137,5.699999809265137,3196605
2019-02-21,4.689709186553955,5.579999923706055,5.659999847412109,5.510000228881836,5.539999961853027,5115480
2019-02-22,4.698113918304443,5.590000152587891,5.639999866485596,5.5,5.590000152587891,2317631
2019-02-25,4.698113918304443,5.590000152587891,5.690000057220459,5.559999942779541,5.599999904632568,2940113
2019-02-26,4.706518650054932,5.599999904632568,5.619999885559082,5.53000020980835,5.559999942779541,1213488
2019-02-27,4.714922904968262,5.610000133514404,5.639999866485596,5.559999942779541,5.599999904632568,1050849
2019-02-28,4.782158851623535,5.690000057220459,5.699999809265137,5.590000152587891,5.590000152587891,2807420
2019-03-01,4.874608516693115,5.800000190734863,5.809999942779541,5.659999847412109,5.659999847412109,4794543
2019-03-04,4.92503547668457,5.860000133514404,5.940000057220459,5.809999942779541,5.840000152587891,3513911
2019-03-05,4.916630744934082,5.849999904632568,5.909999847412109,5.769999980926514,5.860000133514404,2460146
2019-03-06,4.883012771606445,5.809999942779541,5.900000095367432,5.730000019073486,5.869999885559082,1971754
2019-03-07,4.849394798278809,5.769999980926514,5.849999904632568,5.730000019073486,5.800000190734863,1461532
2019-03-08,4.883012771606445,5.809999942779541,5.900000095367432,5.739999771118164,5.739999771118164,3486835
2019-03-11,4.891417503356934,5.820000171661377,5.940000057220459,5.78000020980835,5.840000152587891,1758247
2019-03-12,4.874608516693115,5.800000190734863,5.840000152587891,5.760000228881836,5.809999942779541,1018257
2019-03-13,4.773754119873047,5.679999828338623,5.760000228881836,5.579999923706055,5.739999771118164,1645260
2019-03-14,4.723327159881592,5.619999885559082,5.730000019073486,5.579999923706055,5.710000038146973,2412459
2019-03-15,4.681304931640625,5.570000171661377,5.690000057220459,5.53000020980835,5.659999847412109,1677772
2019-03-18,4.815776824951172,5.730000019073486,5.730000019073486,5.619999885559082,5.639999866485596,1325196
2019-03-19,4.899821758270264,5.829999923706055,5.849999904632568,5.75,5.789999961853027,1801396
2019-03-20,4.83258581161499,5.75,5.829999923706055,5.71999979019165,5.769999980926514,953770
2019-03-21,4.7989678382873535,5.710000038146973,5.829999923706055,5.690000057220459,5.78000020980835,1551875
2019-03-22,4.782158851623535,5.690000057220459,5.809999942779541,5.579999923706055,5.800000190734863,2359318
2019-03-25,4.706518650054932,5.599999904632568,5.71999979019165,5.579999923706055,5.699999809265137,3219748
2019-03-26,4.681304931640625,5.570000171661377,5.630000114440918,5.519999980926514,5.590000152587891,2655527
2019-03-27,4.479597091674805,5.329999923706055,5.610000133514404,5.329999923706055,5.599999904632568,4485119
2019-03-28,4.387146949768066,5.21999979019165,5.46999979019165,5.159999847412109,5.349999904632568,6563212
2019-03-29,4.3367204666137695,5.159999847412109,5.260000228881836,5.130000114440918,5.21999979019165,3770188
2019-04-01,4.319911003112793,5.139999866485596,5.210000038146973,5.019999980926514,5.190000057220459,4937096
2019-04-02,4.438389778137207,4.869999885559082,4.900000095367432,4.78000020980835,4.829999923706055,3187033
2019-04-03,4.538641452789307,4.980000019073486,5.03000020980835,4.880000114440918,4.880000114440918,2819102
2019-04-04,4.775598049163818,5.239999771118164,5.25,4.980000019073486,4.980000019073486,4170832
2019-04-05,4.848508358001709,5.320000171661377,5.329999923706055,5.230000019073486,5.309999942779541,2637272
2019-04-08,4.912304401397705,5.389999866485596,5.440000057220459,5.190000057220459,5.300000190734863,4909392
2019-04-09,4.848508358001709,5.320000171661377,5.449999809265137,5.309999942779541,5.429999828338623,1942846
2019-04-10,4.966986656188965,5.449999809265137,5.539999961853027,5.409999847412109,5.429999828338623,3552679
2019-04-11,4.957873344421387,5.440000057220459,5.460000038146973,5.360000133514404,5.420000076293945,2648773
2019-04-12,4.921418190002441,5.400000095367432,5.440000057220459,5.340000152587891,5.429999828338623,1534122
2019-04-15,4.939645767211914,5.420000076293945,5.510000228881836,5.369999885559082,5.389999866485596,2073116
2019-04-16,5.00344181060791,5.489999771118164,5.519999980926514,5.440000057220459,5.460000038146973,2123368
2019-04-17,4.9852142333984375,5.46999979019165,5.559999942779541,5.440000057220459,5.5,2054010
2019-04-18,4.994328022003174,5.480000019073486,5.519999980926514,5.429999828338623,5.460000038146973,803961
2019-04-19,4.966986656188965,5.449999809265137,5.510000228881836,5.440000057220459,5.510000228881836,167905
2019-04-22,4.976100444793701,5.460000038146973,5.5,5.400000095367432,5.400000095367432,374759
2019-04-23,4.976100444793701,5.460000038146973,5.460000038146973,5.460000038146973,5.460000038146973,0
2019-04-24,4.994328022003174,5.480000019073486,5.53000020980835,5.429999828338623,5.429999828338623,1277337
2019-04-25,4.948759078979492,5.429999828338623,5.519999980926514,5.380000114440918,5.489999771118164,1915945
2019-04-26,4.976100444793701,5.460000038146973,5.489999771118164,5.360000133514404,5.449999809265137,1577191
2019-04-29,4.948759078979492,5.429999828338623,5.510000228881836,5.380000114440918,5.440000057220459,1683462
2019-04-30,4.884963512420654,5.360000133514404,5.449999809265137,5.340000152587891,5.420000076293945,1725191
2019-05-01,4.884963512420654,5.360000133514404,5.360000133514404,5.360000133514404,5.360000133514404,0
2019-05-02,4.857622146606445,5.329999923706055,5.400000095367432,5.300000190734863,5.380000114440918,1227943
2019-05-03,4.857622146606445,5.329999923706055,5.380000114440918,5.25,5.320000171661377,796691
2019-05-06,4.884963512420654,5.360000133514404,5.420000076293945,5.119999885559082,5.25,1591797
2019-05-07,4.812053680419922,5.28000020980835,5.380000114440918,5.03000020980835,5.03000020980835,1783901
2019-05-08,4.812053680419922,5.28000020980835,5.320000171661377,5.210000038146973,5.289999961853027,2109720
2019-05-09,4.802939414978027,5.269999980926514,5.289999961853027,5.210000038146973,5.28000020980835,2409723
2019-05-10,4.76648473739624,5.230000019073486,5.300000190734863,5.179999828338623,5.28000020980835,1358015
2019-05-13,4.76648473739624,5.230000019073486,5.28000020980835,5.070000171661377,5.260000228881836,1244390
2019-05-14,4.793826103210449,5.260000228881836,5.349999904632568,5.179999828338623,5.179999828338623,2208520
2019-05-15,4.730029582977295,5.190000057220459,5.28000020980835,5.190000057220459,5.269999980926514,1131909
2019-05-16,4.739143371582031,5.199999809265137,5.239999771118164,5.139999866485596,5.199999809265137,1813608
2019-05-17,4.720915794372559,5.179999828338623,5.199999809265137,5.130000114440918,5.190000057220459,894563
2019-05-20,4.730029582977295,5.190000057220459,5.21999979019165,5.119999885559082,5.170000076293945,576342
2019-05-21,4.702688217163086,5.159999847412109,5.190000057220459,5.119999885559082,5.179999828338623,856026
2019-05-22,4.648005962371826,5.099999904632568,5.139999866485596,5.010000228881836,5.139999866485596,1602248
2019-05-23,4.611550807952881,5.059999942779541,5.079999923706055,4.909999847412109,4.96999979019165,1511872
2019-05-24,4.620665073394775,5.070000171661377,5.090000152587891,5.03000020980835,5.03000020980835,994267
2019-05-27,4.593323707580566,5.039999961853027,5.119999885559082,5.019999980926514,5.070000171661377,1278758
2019-05-28,4.611550807952881,5.059999942779541,5.110000133514404,5.039999961853027,5.050000190734863,1464242
2019-05-29,4.730029582977295,5.190000057220459,5.190000057220459,5.050000190734863,5.099999904632568,2890617
2019-05-30,4.802939414978027,5.269999980926514,5.329999923706055,5.199999809265137,5.25,3773414
2019-05-31,4.857622146606445,5.329999923706055,5.349999904632568,5.25,5.269999980926514,2283020
2019-06-03,4.939645767211914,5.420000076293945,5.429999828338623,5.309999942779541,5.349999904632568,1219178
2019-06-04,4.939645767211914,5.420000076293945,5.420000076293945,5.420000076293945,5.420000076293945,0
2019-06-05,4.939645767211914,5.420000076293945,5.420000076293945,5.420000076293945,5.420000076293945,0
2019-06-06,4.939645767211914,5.420000076293945,5.420000076293945,5.420000076293945,5.420000076293945,0
2019-06-07,4.9852142333984375,5.46999979019165,5.53000020980835,5.360000133514404,5.420000076293945,2643428
2019-06-10,5.00344181060791,5.489999771118164,5.539999961853027,5.360000133514404,5.460000038146973,2527598
2019-06-11,4.912304401397705,5.389999866485596,5.53000020980835,5.369999885559082,5.46999979019165,2445641
2019-06-12,4.921418190002441,5.400000095367432,5.489999771118164,5.369999885559082,5.400000095367432,2124586
2019-06-13,4.903190612792969,5.380000114440918,5.400000095367432,5.329999923706055,5.369999885559082,1504121
2019-06-14,4.87584924697876,5.349999904632568,5.380000114440918,5.269999980926514,5.349999904632568,2295071
2019-06-17,4.894076824188232,5.369999885559082,5.440000057220459,5.28000020980835,5.349999904632568,3287318
2019-06-18,4.87584924697876,5.349999904632568,5.389999866485596,5.309999942779541,5.360000133514404,3283658
2019-06-19,4.830280780792236,5.300000190734863,5.380000114440918,5.25,5.320000171661377,3854877
2019-06-20,4.76648473739624,5.230000019073486,5.349999904632568,5.230000019073486,5.349999904632568,1602934
2019-06-21,4.739143371582031,5.199999809265137,5.25,5.190000057220459,5.210000038146973,1290890
2019-06-24,4.730029582977295,5.190000057220459,5.269999980926514,5.150000095367432,5.25,1867056
2019-06-25,4.730029582977295,5.190000057220459,5.21999979019165,5.130000114440918,5.179999828338623,4116712
2019-06-26,4.812053680419922,5.28000020980835,5.28000020980835,5.170000076293945,5.199999809265137,2654639
2019-06-27,4.866735935211182,5.340000152587891,5.420000076293945,5.289999961853027,5.289999961853027,3779189
2019-06-28,4.957873344421387,5.440000057220459,5.519999980926514,5.380000114440918,5.389999866485596,4872128
2019-07-01,5.231285095214844,5.739999771118164,5.760000228881836,5.550000190734863,5.550000190734863,8832101
2019-07-02,5.3133087158203125,5.829999923706055,5.880000114440918,5.739999771118164,5.75,6673685
2019-07-03,5.331536293029785,5.849999904632568,5.900000095367432,5.78000020980835,5.849999904632568,5404756
2019-07-04,5.367990970611572,5.889999866485596,5.909999847412109,5.829999923706055,5.860000133514404,2053731
2019-07-05,5.322422981262207,5.840000152587891,5.920000076293945,5.820000171661377,5.909999847412109,1437808
2019-07-08,5.3406500816345215,5.860000133514404,5.909999847412109,5.699999809265137,5.699999809265137,2330286
2019-07-09,5.440900802612305,5.96999979019165,5.989999771118164,5.78000020980835,5.860000133514404,2951552
2019-07-10,5.550266265869141,6.090000152587891,6.099999904632568,5.860000133514404,5.96999979019165,5965035
2019-07-11,5.559379577636719,6.099999904632568,6.179999828338623,6.039999961853027,6.119999885559082,2663483
2019-07-12,5.568493843078613,6.110000133514404,6.239999771118164,6.070000171661377,6.110000133514404,2562282
2019-07-15,5.568493843078613,6.110000133514404,6.110000133514404,6.110000133514404,6.110000133514404,0
2019-07-16,5.6049485206604,6.150000095367432,6.28000020980835,6.079999923706055,6.099999904632568,4317439
2019-07-17,5.641403675079346,6.190000057220459,6.210000038146973,6.099999904632568,6.190000057220459,1464517
2019-07-18,5.6687445640563965,6.21999979019165,6.309999942779541,6.179999828338623,6.210000038146973,2125390
2019-07-19,5.650516986846924,6.199999809265137,6.309999942779541,6.179999828338623,6.300000190734863,2519122
2019-07-22,5.686971664428711,6.239999771118164,6.289999961853027,6.130000114440918,6.130000114440918,2587172
2019-07-23,5.7234272956848145,6.28000020980835,6.320000171661377,6.239999771118164,6.239999771118164,1684248
2019-07-24,5.705199718475342,6.260000228881836,6.360000133514404,6.179999828338623,6.269999980926514,2528479
2019-07-25,5.768995761871338,6.329999923706055,6.329999923706055,6.230000019073486,6.25,2159628
2019-07-26,5.741654872894287,6.300000190734863,6.329999923706055,6.260000228881836,6.320000171661377,1728126
2019-07-29,5.714313507080078,6.269999980926514,6.329999923706055,6.25,6.300000190734863,811367
2019-07-30,5.6687445640563965,6.21999979019165,6.320000171661377,6.199999809265137,6.260000228881836,1319063
2019-07-31,5.504697322845459,6.039999961853027,6.21999979019165,6.0,6.210000038146973,2258812
2019-08-01,5.586720943450928,6.130000114440918,6.170000076293945,6.019999980926514,6.039999961853027,1883021
2019-08-02,5.541152000427246,6.079999923706055,6.239999771118164,6.039999961853027,6.119999885559082,1873940
2019-08-05,5.358877658843994,5.880000114440918,6.059999942779541,5.860000133514404,6.059999942779541,1699425
2019-08-06,5.468242645263672,6.0,6.03000020980835,5.829999923706055,5.860000133514404,3602822
2019-08-07,5.513811111450195,6.050000190734863,6.210000038146973,5.940000057220459,5.940000057220459,3656984
2019-08-08,5.559379577636719,6.099999904632568,6.130000114440918,6.0,6.110000133514404,1566396
2019-08-09,5.522924900054932,6.059999942779541,6.130000114440918,6.03000020980835,6.050000190734863,1082777
2019-08-12,5.522924900054932,6.059999942779541,6.059999942779541,6.059999942779541,6.059999942779541,0
2019-08-13,5.522924900054932,6.059999942779541,6.059999942779541,6.059999942779541,6.059999942779541,0
2019-08-14,5.522924900054932,6.059999942779541,6.059999942779541,6.059999942779541,6.059999942779541,0
2019-08-15,5.450015068054199,5.980000019073486,6.03000020980835,5.860000133514404,6.0,2184622
2019-08-16,5.440900802612305,5.96999979019165,6.059999942779541,5.849999904632568,6.0,2053979
2019-08-19,5.440900802612305,5.96999979019165,6.010000228881836,5.909999847412109,5.989999771118164,1460098
2019-08-20,5.431787490844727,5.960000038146973,6.070000171661377,5.909999847412109,5.96999979019165,2363072
2019-08-21,5.367990970611572,5.889999866485596,5.989999771118164,5.800000190734863,5.96999979019165,1175200
2019-08-22,5.413559913635254,5.940000057220459,5.940000057220459,5.820000171661377,5.909999847412109,1165145
2019-08-23,5.413559913635254,5.940000057220459,5.96999979019165,5.860000133514404,5.920000076293945,1773599
2019-08-26,5.367990970611572,5.889999866485596,5.980000019073486,5.849999904632568,5.909999847412109,1666359
2019-08-27,5.29508113861084,5.809999942779541,5.920000076293945,5.75,5.900000095367432,1480993
2019-08-28,5.322422981262207,5.840000152587891,5.880000114440918,5.75,5.829999923706055,2049508
2019-08-29,5.349763870239258,5.869999885559082,5.929999828338623,5.809999942779541,5.829999923706055,2314491
2019-08-30,5.349763870239258,5.869999885559082,5.869999885559082,5.869999885559082,5.869999885559082,0
2019-09-02,5.367990970611572,5.889999866485596,5.980000019073486,5.860000133514404,5.900000095367432,1845235
2019-09-03,5.331536293029785,5.849999904632568,5.909999847412109,5.800000190734863,5.909999847412109,2571795
2019-09-04,5.495584011077881,6.03000020980835,6.070000171661377,5.880000114440918,5.880000114440918,3921410
2019-09-05,5.513811111450195,6.050000190734863,6.119999885559082,5.980000019073486,6.099999904632568,2502729
2019-09-06,5.623176097869873,6.170000076293945,6.269999980926514,6.039999961853027,6.070000171661377,6005734
2019-09-09,5.623176097869873,6.170000076293945,6.309999942779541,6.130000114440918,6.190000057220459,3378167
2019-09-10,5.541152000427246,6.079999923706055,6.21999979019165,6.039999961853027,6.159999847412109,2609407
2019-09-11,5.577607154846191,6.119999885559082,6.159999847412109,6.059999942779541,6.079999923706055,2368948
2019-09-12,5.440900802612305,5.96999979019165,6.150000095367432,5.960000038146973,6.150000095367432,2277674
2019-09-13,5.495584011077881,6.03000020980835,6.070000171661377,5.949999809265137,5.96999979019165,1788900
2019-09-16,5.541152000427246,6.079999923706055,6.110000133514404,5.989999771118164,6.019999980926514,1723557
2019-09-17,5.522924900054932,6.059999942779541,6.130000114440918,5.96999979019165,6.099999904632568,2340878
2019-09-18,5.522924900054932,6.059999942779541,6.110000133514404,6.039999961853027,6.070000171661377,1575870
2019-09-19,5.404446125030518,5.929999828338623,6.090000152587891,5.920000076293945,6.070000171661377,1585333
2019-09-20,5.440900802612305,5.96999979019165,6.019999980926514,5.869999885559082,5.949999809265137,2080810
2019-09-23,5.386218547821045,5.909999847412109,6.039999961853027,5.889999866485596,6.019999980926514,1510288
2019-09-24,5.468242645263672,6.0,6.010000228881836,5.909999847412109,5.909999847412109,2716494
2019-09-25,5.595834732055664,6.139999866485596,6.159999847412109,5.949999809265137,5.980000019073486,3213554
2019-09-26,5.504697322845459,6.039999961853027,6.159999847412109,6.010000228881836,6.130000114440918,2488964
2019-09-27,5.541152000427246,6.079999923706055,6.130000114440918,6.010000228881836,6.019999980926514,3204279
2019-09-30,5.650516986846924,6.199999809265137,6.28000020980835,6.099999904632568,6.099999904632568,3621314
2019-10-01,5.869246959686279,6.440000057220459,6.849999904632568,6.25,6.300000190734863,8412412
2019-10-02,5.778109550476074,6.340000152587891,6.46999979019165,6.329999923706055,6.460000038146973,2671411
2019-10-03,5.768995761871338,6.329999923706055,6.389999866485596,6.230000019073486,6.340000152587891,1913861
2019-10-04,5.6687445640563965,6.21999979019165,6.380000114440918,6.21999979019165,6.309999942779541,3073576
2019-10-07,5.732540607452393,6.289999961853027,6.349999904632568,6.21999979019165,6.289999961853027,5322265
2019-10-08,5.7234272956848145,6.28000020980835,6.380000114440918,6.190000057220459,6.25,6051840
2019-10-09,5.6960859298706055,6.25,6.429999828338623,6.239999771118164,6.260000228881836,4832418
2019-10-10,5.7234272956848145,6.28000020980835,6.320000171661377,6.190000057220459,6.289999961853027,6453620
2019-10-11,5.632289409637451,6.179999828338623,6.349999904632568,6.150000095367432,6.300000190734863,6850797
2019-10-14,5.386218547821045,5.909999847412109,6.119999885559082,5.730000019073486,6.099999904632568,3998788
2019-10-15,5.42267370223999,5.949999809265137,6.010000228881836,5.909999847412109,5.96999979019165,1447371
2019-10-16,5.386218547821045,5.909999847412109,5.920000076293945,5.769999980926514,5.900000095367432,2106996
2019-10-17,5.331536293029785,5.849999904632568,5.949999809265137,5.769999980926514,5.920000076293945,2095342
2019-10-18,5.513811111450195,6.050000190734863,6.110000133514404,5.940000057220459,5.980000019073486,3218940
2019-10-21,5.641403675079346,6.190000057220459,6.210000038146973,6.110000133514404,6.199999809265137,2088767
2019-10-22,5.568493843078613,6.110000133514404,6.210000038146973,6.090000152587891,6.190000057220459,4977242
2019-10-23,5.6140618324279785,6.159999847412109,6.179999828338623,6.070000171661377,6.159999847412109,3368077
2019-10-24,5.778109550476074,6.340000152587891,6.340000152587891,6.170000076293945,6.170000076293945,4508504
2019-10-25,5.6687445640563965,6.21999979019165,6.380000114440918,6.199999809265137,6.360000133514404,2984096
2019-10-28,5.641403675079346,6.190000057220459,6.25,6.190000057220459,6.25,677093
2019-10-30,5.595834732055664,6.139999866485596,6.21999979019165,6.119999885559082,6.159999847412109,1394672
2019-10-31,5.632289409637451,6.179999828338623,6.210000038146973,6.119999885559082,6.139999866485596,1602421
2019-11-01,5.586720943450928,6.130000114440918,6.199999809265137,6.079999923706055,6.199999809265137,1313736
2019-11-04,5.641403675079346,6.190000057220459,6.199999809265137,6.130000114440918,6.170000076293945,1936837
2019-11-05,5.6140618324279785,6.159999847412109,6.25,6.150000095367432,6.230000019073486,1482840
2019-11-06,5.705199718475342,6.260000228881836,6.300000190734863,6.159999847412109,6.179999828338623,3510277
2019-11-07,5.923929214477539,6.5,6.53000020980835,6.28000020980835,6.289999961853027,8526887
2019-11-08,5.805450439453125,6.369999885559082,6.550000190734863,6.369999885559082,6.53000020980835,2845632
2019-11-11,5.741654872894287,6.300000190734863,6.409999847412109,6.300000190734863,6.340000152587891,2361954
2019-11-12,5.987725734710693,6.570000171661377,6.599999904632568,6.349999904632568,6.349999904632568,5900294
2019-11-13,6.197341442108154,6.800000190734863,6.829999923706055,6.579999923706055,6.590000152587891,9359425
2019-11-14,6.324934005737305,6.940000057220459,6.989999771118164,6.800000190734863,6.809999942779541,4465802
2019-11-15,6.616573333740234,7.260000228881836,7.369999885559082,6.949999809265137,7.039999961853027,9208667
2019-11-18,6.516322135925293,7.150000095367432,7.550000190734863,7.110000133514404,7.340000152587891,9855185
2019-11-19,6.598345756530762,7.239999771118164,7.289999961853027,7.130000114440918,7.170000076293945,5426967
2019-11-20,6.607459545135498,7.25,7.329999923706055,7.159999847412109,7.230000019073486,4614977
2019-11-21,6.589231967926025,7.230000019073486,7.449999809265137,7.230000019073486,7.239999771118164,7776897
2019-11-22,6.607459545135498,7.25,7.320000171661377,7.199999809265137,7.260000228881836,1094546
2019-11-25,6.4980950355529785,7.130000114440918,7.320000171661377,7.099999904632568,7.269999980926514,1542373
2019-11-26,6.589231967926025,7.230000019073486,7.25,7.019999980926514,7.170000076293945,1999385
2019-11-27,6.525435924530029,7.159999847412109,7.300000190734863,7.099999904632568,7.300000190734863,5515148
2019-11-28,6.543663024902344,7.179999828338623,7.269999980926514,7.050000190734863,7.159999847412109,5729840
2019-11-29,6.461639881134033,7.090000152587891,7.190000057220459,7.039999961853027,7.190000057220459,2673307
2019-12-02,6.470753192901611,7.099999904632568,7.159999847412109,7.079999923706055,7.090000152587891,2688321
2019-12-03,6.561890602111816,7.199999809265137,7.289999961853027,7.079999923706055,7.099999904632568,3889205
2019-12-04,6.507208347320557,7.139999866485596,7.320000171661377,7.099999904632568,7.210000038146973,2664056
2019-12-05,6.817075729370117,7.480000019073486,7.519999980926514,7.150000095367432,7.179999828338623,6485123
2019-12-06,7.026691436767578,7.710000038146973,7.75,7.510000228881836,7.510000228881836,6610202
2019-12-09,6.917326927185059,7.590000152587891,7.849999904632568,7.590000152587891,7.789999961853027,4735230
2019-12-10,6.944667816162109,7.619999885559082,7.690000057220459,7.559999942779541,7.590000152587891,2868511
2019-12-11,7.117828845977783,7.809999942779541,7.96999979019165,7.670000076293945,7.96999979019165,5118793
2019-12-12,7.15428352355957,7.849999904632568,8.020000457763672,7.769999980926514,7.820000171661377,13136900
2019-12-13,6.935554027557373,7.610000133514404,7.929999828338623,7.570000171661377,7.869999885559082,3880975
2019-12-16,6.953781604766846,7.630000114440918,7.739999771118164,7.579999923706055,7.679999828338623,1349822
2019-12-17,7.0358052253723145,7.71999979019165,7.730000019073486,7.570000171661377,7.619999885559082,1863772
2019-12-18,6.935554027557373,7.610000133514404,7.739999771118164,7.579999923706055,7.730000019073486,1581055
2019-12-19,7.0358052253723145,7.71999979019165,7.769999980926514,7.619999885559082,7.619999885559082,2631468
2019-12-20,7.0358052253723145,7.71999979019165,7.820000171661377,7.650000095367432,7.760000228881836,1633021
2019-12-23,7.090487957000732,7.78000020980835,7.900000095367432,7.659999847412109,7.690000057220459,2022174
2019-12-24,7.0996012687683105,7.789999961853027,7.869999885559082,7.769999980926514,7.809999942779541,1577575
2019-12-25,7.017577648162842,7.699999809265137,7.829999923706055,7.679999828338623,7.800000190734863,970471
2019-12-26,6.990236759185791,7.670000076293945,7.75,7.619999885559082,7.699999809265137,966538
2019-12-27,6.853530406951904,7.519999980926514,7.760000228881836,7.46999979019165,7.730000019073486,2274958
2019-12-30,6.7077107429504395,7.360000133514404,7.590000152587891,7.320000171661377,7.570000171661377,2796100
2019-12-31,6.744165897369385,7.400000095367432,7.400000095367432,7.320000171661377,7.380000114440918,896263
2020-01-02,6.88998556137085,7.559999942779541,7.559999942779541,7.369999885559082,7.409999847412109,1839488
2020-01-03,6.662141799926758,7.309999942779541,7.53000020980835,7.150000095367432,7.53000020980835,2266971
2020-01-06,6.4980950355529785,7.130000114440918,7.289999961853027,7.03000020980835,7.289999961853027,1628729
2020-01-07,6.625687122344971,7.269999980926514,7.329999923706055,7.179999828338623,7.190000057220459,2285742
2020-01-08,6.662141799926758,7.309999942779541,7.369999885559082,6.940000057220459,7.170000076293945,2608696
2020-01-09,6.953781604766846,7.630000114440918,7.630000114440918,7.400000095367432,7.420000076293945,3472411
2020-01-10,7.1816253662109375,7.880000114440918,7.880000114440918,7.53000020980835,7.630000114440918,4212675
2020-01-13,7.263648509979248,7.96999979019165,8.020000457763672,7.849999904632568,7.949999809265137,3718285
2020-01-14,7.25453519821167,7.960000038146973,8.039999961853027,7.829999923706055,7.960000038146973,2584934
2020-01-15,7.199852466583252,7.900000095367432,7.960000038146973,7.809999942779541,7.929999828338623,1725576
2020-01-16,7.054032325744629,7.739999771118164,7.96999979019165,7.690000057220459,7.900000095367432,2460658
2020-01-17,7.026691436767578,7.710000038146973,7.860000133514404,7.670000076293945,7.800000190734863,2202015
2020-01-20,7.054032325744629,7.739999771118164,7.849999904632568,7.71999979019165,7.730000019073486,2142316
2020-01-21,7.136056423187256,7.829999923706055,7.940000057220459,7.639999866485596,7.730000019073486,4093563
2020-01-22,7.081373691558838,7.769999980926514,7.900000095367432,7.75,7.869999885559082,2540595
2020-01-23,7.108715534210205,7.800000190734863,7.869999885559082,7.730000019073486,7.769999980926514,2016492
2020-01-24,7.25453519821167,7.960000038146973,8.010000228881836,7.820000171661377,7.880000114440918,2942346
2020-01-27,7.145170211791992,7.840000152587891,8.039999961853027,7.829999923706055,7.960000038146973,2069320
2020-01-28,7.1269426345825195,7.820000171661377,7.940000057220459,7.760000228881836,7.869999885559082,2036349
2020-01-29,7.409468650817871,8.130000114440918,8.1899995803833,7.789999961853027,7.880000114440918,4857877
2020-01-30,7.345672607421875,8.0600004196167,8.199999809265137,7.889999866485596,8.15999984741211,3293786
2020-01-31,7.38212776184082,8.100000381469727,8.130000114440918,7.989999771118164,8.0600004196167,3615885
2020-02-03,7.600857257843018,8.34000015258789,8.390000343322754,8.079999923706055,8.130000114440918,4121099
2020-02-04,7.719335556030273,8.470000267028809,8.770000457763672,8.430000305175781,8.430000305175781,6455451
2020-02-05,7.619083881378174,8.359999656677246,8.539999961853027,8.25,8.5,7501009
2020-02-06,7.628198146820068,8.369999885559082,8.449999809265137,8.229999542236328,8.399999618530273,3806993
2020-02-07,7.619083881378174,8.359999656677246,8.399999618530273,8.279999732971191,8.350000381469727,1940142
2020-02-10,7.373013496398926,8.09000015258789,8.329999923706055,7.760000228881836,8.300000190734863,4503013
2020-02-11,7.7831315994262695,8.539999961853027,8.539999961853027,7.900000095367432,8.130000114440918,11200281
2020-02-12,7.901610374450684,8.670000076293945,8.770000457763672,8.34000015258789,8.470000267028809,11250557
2020-02-13,7.91072416305542,8.680000305175781,8.899999618530273,8.619999885559082,8.65999984741211,9033627
2020-02-14,7.7831315994262695,8.539999961853027,8.710000038146973,8.520000457763672,8.649999618530273,3940356
2020-02-17,7.874269485473633,8.640000343322754,8.760000228881836,8.569999694824219,8.609999656677246,3043560
2020-02-18,7.619083881378174,8.359999656677246,8.65999984741211,8.3100004196167,8.600000381469727,5348602
2020-02-19,7.8013596534729,8.5600004196167,8.569999694824219,8.3100004196167,8.420000076293945,5065886
2020-02-20,7.409468650817871,8.130000114440918,8.699999809265137,7.929999828338623,8.489999771118164,9164797
2020-02-21,7.464150428771973,8.1899995803833,8.270000457763672,7.989999771118164,8.100000381469727,4247740
2020-02-24,7.455037593841553,8.180000305175781,8.289999961853027,8.050000190734863,8.220000267028809,4185443
2020-02-25,7.39124059677124,8.109999656677246,8.270000457763672,8.079999923706055,8.210000038146973,2942864
2020-02-26,7.49149227142334,8.220000267028809,8.270000457763672,8.050000190734863,8.069999694824219,3197763
2020-02-27,7.263648509979248,7.96999979019165,8.180000305175781,7.789999961853027,8.100000381469727,3601664
2020-02-28,7.063146591186523,7.75,7.889999866485596,6.880000114440918,6.880000114440918,3059970
2020-03-02,7.163397789001465,7.860000133514404,8.050000190734863,7.849999904632568,7.909999847412109,2491626
2020-03-03,7.609971046447754,8.350000381469727,8.5,7.940000057220459,8.0,2874802
2020-03-04,7.7831315994262695,8.539999961853027,8.739999771118164,8.300000190734863,8.399999618530273,3487307
2020-03-05,7.691993713378906,8.4399995803833,8.699999809265137,8.430000305175781,8.649999618530273,1690716
2020-03-06,7.327444553375244,8.039999961853027,8.460000038146973,8.029999732971191,8.449999809265137,2403162
2020-03-09,7.272762298583984,7.980000019073486,8.010000228881836,7.690000057220459,7.75,2314458
2020-03-10,6.944667816162109,7.619999885559082,8.229999542236328,7.559999942779541,8.149999618530273,2352372
2020-03-11,6.944667816162109,7.619999885559082,7.619999885559082,7.619999885559082,7.619999885559082,0
2020-03-12,6.3522748947143555,6.96999979019165,7.269999980926514,6.699999809265137,6.96999979019165,2179854
2020-03-13,6.4980950355529785,7.130000114440918,7.309999942779541,6.849999904632568,6.989999771118164,3108779
2020-03-16,6.434298515319824,7.059999942779541,7.130000114440918,6.800000190734863,7.0,2739425
2020-03-17,6.270251274108887,6.880000114440918,7.230000019073486,6.639999866485596,7.119999885559082,2576730
2020-03-18,6.324934005737305,6.940000057220459,7.019999980926514,6.789999961853027,6.880000114440918,1588267
2020-03-19,6.069748878479004,6.659999847412109,6.940000057220459,6.579999923706055,6.880000114440918,1672197
