TRADE DATE,INSTRUMENT SERIES CODE,INSTRUMENT NAME,MARKET SEGMENT,MARKET,INSTRUMENT TYPE,INSTRUMENT CLASS,MARKET MAKER,BIST 100 INDEX,BIST 30 INDEX,GROSS SETTLEMENT,SUSPENDED,OPENING PRICE,OPENING SESSION PRICE,LOWEST PRICE,HIGHEST PRICE,CLOSING PRICE,CLOSING SESSION PRICE,CHANGE TO PREVIOUS CLOSING (%),REMAINING BID,REMAINING ASK,VWAP,TOTAL TRADED VALUE,TOTAL TRADED VOLUME,TOTAL NUMBER OF CONTRACTS,REFERENCE PRICE,TRADED VALUE AT OPENING SESSION,TRADED VOLUME AT OPENING SESSION,NUMBER OF CONTRACTS AT OPENING SESSION,TRADED VALUE AT CLOSING SESSION,TRADED VOLUME AT CLOSING SESSION,NUMBER OF CONTRACTS AT CLOSING SESSION,TRADED VALUE OF TRADES AT CLOSING PRICE,TRADED VOLUME OF TRADES AT CLOSING PRICE,NUMBER OF CONTRACTS OF TRADES AT CLOSING PRICE,LOWEST SHORT SALE PRICE,HIGHEST SHORT SALE PRICE,SHORT SALE VWAP,TRADED VALUE OF SHORT SALE TRADES,TRADED VOLUME OF SHORT SALE TRADES,NUMBER OF CONTRACTS OF SHORT SALE TRADES,LOWEST TRADE REPORT PRICE,HIGHEST TRADE REPORT PRICE,TRADE REPORT VWAP,TRADE REPORT TRADED VALUE,TRADE REPORT TRADED VOLUME,NUMBER OF TRADE REPORTS
2021-05-21,MERCN,MERCAN KIMYA BIRINCIL PIYASA,Z,PMOSA,PMOSAEQT,PMOSAEQTMERCN,0,0,0,0,0,8.81,0.0,8.81,8.81,8.81,0.0,0.0,0.0,0.0,8.81,162606011.4,18456982.0,69369.0,9.64,0.0,0,0.0,0.0,0,0,0.0,0,0,0.0,0.0,0.0,0.0,0,0,0.0,0.0,0.0,0.0,0,0
2021-05-27,MERCN,MERCAN KIMYA,N,MSPOT,MSPOTEQT,MSPOTEQTMERCN,0,0,0,0,0,9.13,9.13,9.0,9.69,9.69,9.69,0.0,9.68,9.69,9.503,62053895.29,6529675.0,14264.0,0.0,6930555.61,759097,1444.0,4360.5,450,8,30740875.77,3172433,2092,0.0,0.0,0.0,0.0,0,0,0.0,0.0,0.0,0.0,0,0
2021-05-28,MERCN,MERCAN KIMYA,N,MSPOT,MSPOTEQT,MSPOTEQTMERCN,0,0,0,0,0,9.3,9.3,8.95,10.65,9.52,9.52,-1.754,9.51,9.52,9.736,485488199.29,49863787.0,89406.0,0.0,4560747.9,490403,1244.0,594895.28,62489,109,183050.56,19228,40,0.0,0.0,0.0,0.0,0,0,0.0,0.0,0.0,0.0,0,0
2021-05-31,MERCN,MERCAN KIMYA,N,MSPOT,MSPOTEQT,MSPOTEQTMERCN,0,0,0,0,0,9.52,9.52,9.08,9.66,9.11,9.11,-4.307,9.11,9.12,9.253,61016473.54,6594222.0,22174.0,0.0,262018.96,27523,272.0,525291.71,57661,85,442664.01,48591,40,0.0,0.0,0.0,0.0,0,0,0.0,0.0,0.0,0.0,0,0
2021-06-01,MERCN,MERCAN KIMYA,N,MSPOT,MSPOTEQT,MSPOTEQTMERCN,0,0,0,0,0,9.11,9.11,9.11,9.68,9.16,9.16,0.549,9.16,9.17,9.287,61936377.53,6669306.0,17609.0,0.0,321974.73,35343,250.0,511851.64,55879,70,70834.28,7733,24,0.0,0.0,0.0,0.0,0,0,0.0,0.0,0.0,0.0,0,0
2021-06-02,MERCN,MERCAN KIMYA,N,MSPOT,MSPOTEQT,MSPOTEQTMERCN,0,0,0,0,0,9.11,9.11,9.02,9.28,9.04,9.04,-1.31,9.03,9.04,9.084,38391763.39,4226086.0,9241.0,0.0,117099.94,12854,48.0,894896.72,98993,80,46113.04,5101,23,0.0,0.0,0.0,0.0,0,0,0.0,0.0,0.0,0.0,0,0
2021-06-03,MERCN,MERCAN KIMYA,N,MSPOT,MSPOTEQT,MSPOTEQTMERCN,0,0,0,0,0,9.05,9.05,9.05,9.6,9.2,9.2,1.77,9.2,9.21,9.258,65484636.92,7073651.0,14748.0,0.0,84472.7,9334,79.0,698169.6,75888,58,61640.0,6700,8,0.0,0.0,0.0,0.0,0,0,0.0,0.0,0.0,0.0,0,0
2021-06-04,MERCN,MERCAN KIMYA,N,MSPOT,MSPOTEQT,MSPOTEQTMERCN,0,0,0,0,0,9.24,9.24,9.16,9.51,9.25,9.25,0.543,9.24,9.25,9.29,31045456.9,3341888.0,7244.0,0.0,203677.32,22043,66.0,531116.5,57418,48,539552.5,58330,35,0.0,0.0,0.0,0.0,0,0,0.0,0.0,0.0,0.0,0,0
2021-06-07,MERCN,MERCAN KIMYA,N,MSPOT,MSPOTEQT,MSPOTEQTMERCN,0,0,0,0,0,9.28,9.28,9.24,9.36,9.28,9.28,0.324,9.28,9.29,9.283,18521982.92,1995238.0,5089.0,0.0,182426.24,19658,95.0,656448.64,70738,32,550313.28,59301,16,0.0,0.0,0.0,0.0,0,0,0.0,0.0,0.0,0.0,0,0
2021-06-08,MERCN,MERCAN KIMYA,N,MSPOT,MSPOTEQT,MSPOTEQTMERCN,0,0,0,0,0,9.29,9.29,9.26,9.66,9.56,9.56,3.017,9.56,9.57,9.467,47966363.63,5066523.0,11486.0,0.0,99644.54,10726,54.0,467971.56,48951,66,581659.08,60843,51,0.0,0.0,0.0,0.0,0,0,0.0,0.0,0.0,0.0,0,0
2021-06-09,MERCN,MERCAN KIMYA,N,MSPOT,MSPOTEQT,MSPOTEQTMERCN,0,0,0,0,0,9.64,9.64,9.44,9.91,9.9,9.9,3.556,9.89,9.9,9.646,46266743.86,4796473.0,8736.0,0.0,421084.84,43681,83.0,1322481.6,133584,84,171359.1,17309,22,0.0,0.0,0.0,0.0,0,0,0.0,0.0,0.0,0.0,0,0
2021-06-10,MERCN,MERCAN KIMYA,N,MSPOT,MSPOTEQT,MSPOTEQTMERCN,0,0,0,0,0,9.9,9.9,9.68,10.2,9.71,9.71,-1.919,9.71,9.72,9.851,49645278.74,5039560.0,9569.0,0.0,416780.1,42099,117.0,676068.46,69626,53,171964.1,17710,19,0.0,0.0,0.0,0.0,0,0,0.0,0.0,0.0,0.0,0,0
2021-06-11,MERCN,MERCAN KIMYA,N,MSPOT,MSPOTEQT,MSPOTEQTMERCN,0,0,0,0,0,9.73,9.73,9.69,10.1,10.08,10.08,3.811,10.08,10.09,9.902,39233733.98,3962154.0,5951.0,0.0,62272.0,6400,45.0,649152.0,64400,55,1107439.2,109865,41,0.0,0.0,0.0,0.0,0,0,0.0,0.0,0.0,0.0,0,0
2021-06-14,MERCN,MERCAN KIMYA,N,MSPOT,MSPOTEQT,MSPOTEQTMERCN,0,0,0,0,0,10.13,10.13,10.06,10.53,10.19,10.19,1.091,10.19,10.2,10.299,57069112.86,5540999.0,9506.0,0.0,302167.77,29829,121.0,462248.97,45363,46,192998.6,18940,20,0.0,0.0,0.0,0.0,0,0,0.0,0.0,0.0,0.0,0,0
2021-06-15,MERCN,MERCAN KIMYA,N,MSPOT,MSPOTEQT,MSPOTEQTMERCN,0,0,0,0,0,10.17,10.17,10.05,10.28,10.13,10.13,-0.589,10.12,10.13,10.159,21114940.99,2078392.0,3739.0,0.0,175778.28,17284,43.0,239817.62,23674,27,203298.97,20069,8,0.0,0.0,0.0,0.0,0,0,0.0,0.0,0.0,0.0,0,0
2021-06-16,MERCN,MERCAN KIMYA,N,MSPOT,MSPOTEQT,MSPOTEQTMERCN,0,0,0,0,0,10.13,10.13,9.86,10.15,9.91,9.91,-2.172,9.9,9.91,9.968,19357576.15,1941975.0,3781.0,0.0,69643.75,6875,37.0,365688.91,36901,43,50640.1,5110,11,0.0,0.0,0.0,0.0,0,0,0.0,0.0,0.0,0.0,0,0
2021-06-17,MERCN,MERCAN KIMYA,N,MSPOT,MSPOTEQT,MSPOTEQTMERCN,0,0,0,0,0,9.82,9.82,9.39,9.86,9.5,9.5,-4.137,9.49,9.5,9.644,15094352.75,1565129.0,3047.0,0.0,85934.82,8751,15.0,491140.5,51699,40,14573.0,1534,6,0.0,0.0,0.0,0.0,0,0,0.0,0.0,0.0,0.0,0,0
2021-06-18,MERCN,MERCAN KIMYA,N,MSPOT,MSPOTEQT,MSPOTEQTMERCN,0,0,0,0,0,9.53,9.53,9.33,9.56,9.46,9.46,-0.421,9.46,9.47,9.432,10093212.3,1070141.0,2401.0,0.0,37576.79,3943,43.0,173458.56,18336,22,38029.2,4020,6,0.0,0.0,0.0,0.0,0,0,0.0,0.0,0.0,0.0,0,0
2021-06-21,MERCN,MERCAN KIMYA,N,MSPOT,MSPOTEQT,MSPOTEQTMERCN,0,0,0,0,0,9.46,9.46,9.3,9.55,9.51,9.51,0.529,9.51,9.52,9.411,5611199.81,596213.0,1950.0,0.0,46410.76,4906,35.0,126083.58,13258,20,53674.44,5644,10,0.0,0.0,0.0,0.0,0,0,0.0,0.0,0.0,0.0,0,0
2021-06-22,MERCN,MERCAN KIMYA,N,MSPOT,MSPOTEQT,MSPOTEQTMERCN,0,0,0,0,0,9.58,9.58,9.45,9.69,9.63,9.63,1.262,9.63,9.64,9.578,10956478.83,1143907.0,2076.0,0.0,45026.0,4700,24.0,479217.69,49763,52,106035.93,11011,11,0.0,0.0,0.0,0.0,0,0,0.0,0.0,0.0,0.0,0,0
2021-06-23,MERCN,MERCAN KIMYA,N,MSPOT,MSPOTEQT,MSPOTEQTMERCN,0,0,0,0,0,9.65,9.65,9.53,9.75,9.58,9.58,-0.519,9.58,9.59,9.635,9302067.82,965474.0,1864.0,0.0,46889.35,4859,22.0,234978.24,24528,28,130537.08,13626,10,0.0,0.0,0.0,0.0,0,0,0.0,0.0,0.0,0.0,0,0
2021-06-24,MERCN,MERCAN KIMYA,N,MSPOT,MSPOTEQT,MSPOTEQTMERCN,0,0,0,0,0,9.6,9.6,9.5,9.61,9.51,9.51,-0.731,9.5,9.51,9.535,7317923.94,767489.0,1365.0,0.0,27273.6,2841,9.0,236875.08,24908,28,125512.98,13198,20,0.0,0.0,0.0,0.0,0,0,0.0,0.0,0.0,0.0,0,0
2021-06-25,MERCN,MERCAN KIMYA,N,MSPOT,MSPOTEQT,MSPOTEQTMERCN,0,0,0,0,0,9.51,9.51,9.28,9.64,9.57,9.57,0.631,9.56,9.57,9.491,12786065.76,1347246.0,2739.0,0.0,59095.14,6214,10.0,127625.52,13336,18,182796.57,19101,9,0.0,0.0,0.0,0.0,0,0,0.0,0.0,0.0,0.0,0,0
2021-06-28,MERCN,MERCAN KIMYA,N,MSPOT,MSPOTEQT,MSPOTEQTMERCN,0,0,0,0,0,9.55,9.55,9.34,9.62,9.37,9.37,-2.09,9.37,9.38,9.484,8470328.13,893135.0,1997.0,0.0,65169.2,6824,26.0,157528.44,16812,21,50129.5,5350,8,0.0,0.0,0.0,0.0,0,0,0.0,0.0,0.0,0.0,0,0
2021-06-29,MERCN,MERCAN KIMYA,N,MSPOT,MSPOTEQT,MSPOTEQTMERCN,0,0,0,0,0,9.38,9.38,9.15,9.45,9.27,9.27,-1.067,9.26,9.27,9.306,7507783.7,806741.0,2318.0,0.0,12784.94,1363,26.0,27531.9,2970,10,167722.11,18093,18,0.0,0.0,0.0,0.0,0,0,0.0,0.0,0.0,0.0,0,0
2021-06-30,MERCN,MERCAN KIMYA,N,MSPOT,MSPOTEQT,MSPOTEQTMERCN,0,0,0,0,0,9.25,9.25,9.08,9.29,9.11,9.11,-1.726,9.1,9.11,9.181,6450026.17,702538.0,2131.0,0.0,49015.75,5299,10.0,31520.6,3460,11,79748.94,8754,15,0.0,0.0,0.0,0.0,0,0,0.0,0.0,0.0,0.0,0,0
2021-07-01,MERCN,MERCAN KIMYA,N,MSPOT,MSPOTEQT,MSPOTEQTMERCN,0,0,0,0,0,9.12,9.12,9.12,9.36,9.25,9.25,1.537,9.25,9.26,9.259,7034386.05,759746.0,1567.0,0.0,13634.4,1495,27.0,222000.0,24000,17,121979.75,13187,12,0.0,0.0,0.0,0.0,0,0,0.0,0.0,0.0,0.0,0,0
2021-07-02,MERCN,MERCAN KIMYA,N,MSPOT,MSPOTEQT,MSPOTEQTMERCN,0,0,0,0,0,9.27,9.27,9.11,9.3,9.19,9.19,-0.649,9.18,9.19,9.224,4181968.7,453396.0,1338.0,0.0,17001.18,1834,9.0,87663.41,9539,12,18949.78,2062,7,0.0,0.0,0.0,0.0,0,0,0.0,0.0,0.0,0.0,0,0
2021-07-05,MERCN,MERCAN KIMYA,N,MSPOT,MSPOTEQT,MSPOTEQTMERCN,0,0,0,0,0,9.19,9.19,9.11,9.36,9.25,9.25,0.653,9.24,9.25,9.251,4683732.12,506285.0,1393.0,0.0,24077.8,2620,33.0,59403.5,6422,14,40468.75,4375,7,0.0,0.0,0.0,0.0,0,0,0.0,0.0,0.0,0.0,0,0
2021-07-06,MERCN,MERCAN KIMYA,N,MSPOT,MSPOTEQT,MSPOTEQTMERCN,0,0,0,0,0,9.23,9.23,9.22,9.66,9.58,9.58,3.568,9.58,9.59,9.507,18108582.96,1904805.0,3430.0,0.0,18460.0,2000,7.0,188745.16,19702,23,218883.84,22848,14,0.0,0.0,0.0,0.0,0,0,0.0,0.0,0.0,0.0,0,0
2021-07-07,MERCN,MERCAN KIMYA,N,MSPOT,MSPOTEQT,MSPOTEQTMERCN,0,0,0,0,0,9.6,9.6,9.4,9.86,9.81,9.81,2.401,9.81,9.82,9.661,18643166.56,1929693.0,3343.0,0.0,52368.0,5455,20.0,208413.45,21245,33,130835.97,13337,14,0.0,0.0,0.0,0.0,0,0,0.0,0.0,0.0,0.0,0,0
2021-07-08,MERCN,MERCAN KIMYA,N,MSPOT,MSPOTEQT,MSPOTEQTMERCN,0,0,0,0,0,9.79,9.79,9.51,9.9,9.78,9.78,-0.306,9.76,9.78,9.699,15954649.61,1645012.0,2811.0,0.0,44280.17,4523,13.0,194573.1,19895,32,263854.62,26979,20,0.0,0.0,0.0,0.0,0,0,0.0,0.0,0.0,0.0,0,0
2021-07-09,MERCN,MERCAN KIMYA,N,MSPOT,MSPOTEQT,MSPOTEQTMERCN,0,0,0,0,0,9.8,9.8,9.74,10.2,10.18,10.18,4.09,10.18,10.19,10.007,27110291.57,2709119.0,4699.0,0.0,19698.0,2010,14.0,309899.56,30442,54,129245.28,12696,19,0.0,0.0,0.0,0.0,0,0,0.0,0.0,0.0,0.0,0,0
2021-07-12,MERCN,MERCAN KIMYA,N,MSPOT,MSPOTEQT,MSPOTEQTMERCN,0,0,0,0,0,10.18,10.18,9.89,10.21,10.01,10.01,-1.67,9.99,10.01,10.024,10883927.13,1085816.0,2671.0,0.0,86601.26,8507,100.0,218748.53,21853,22,134594.46,13446,14,0.0,0.0,0.0,0.0,0,0,0.0,0.0,0.0,0.0,0,0
2021-07-13,MERCN,MERCAN KIMYA,N,MSPOT,MSPOTEQT,MSPOTEQTMERCN,0,0,0,0,0,10.01,10.01,9.63,10.11,9.7,9.7,-3.097,9.7,9.72,9.799,7386117.52,753788.0,1741.0,0.0,10420.41,1041,10.0,163221.9,16827,21,297790.0,30700,9,0.0,0.0,0.0,0.0,0,0,0.0,0.0,0.0,0.0,0,0
2021-07-14,MERCN,MERCAN KIMYA,N,MSPOT,MSPOTEQT,MSPOTEQTMERCN,0,0,0,0,0,9.7,9.7,9.69,10.3,10.15,10.15,4.639,10.14,10.15,10.079,28645357.39,2842142.0,4743.0,0.0,51642.8,5324,9.0,226111.55,22277,34,126875.0,12500,13,0.0,0.0,0.0,0.0,0,0,0.0,0.0,0.0,0.0,0,0
2021-07-16,MERCN,MERCAN KIMYA,N,MSPOT,MSPOTEQT,MSPOTEQTMERCN,0,0,0,0,0,10.23,10.23,9.96,10.26,10.08,10.08,-0.69,10.07,10.08,10.05,10753935.51,1070067.0,2692.0,0.0,192109.17,18779,73.0,275486.4,27330,21,145706.4,14455,12,0.0,0.0,0.0,0.0,0,0,0.0,0.0,0.0,0.0,0,0
2021-07-19,MERCN,MERCAN KIMYA,N,MSPOT,MSPOTEQT,MSPOTEQTMERCN,0,0,0,0,0,10.05,10.05,9.92,10.56,10.56,10.56,4.762,10.56,10.57,10.309,13748652.01,1333600.0,2153.0,0.0,11547.45,1149,10.0,320939.52,30392,48,266439.36,25231,25,0.0,0.0,0.0,0.0,0,0,0.0,0.0,0.0,0.0,0,0
2021-07-26,MERCN,MERCAN KIMYA,N,MSPOT,MSPOTEQT,MSPOTEQTMERCN,0,0,0,0,0,10.71,10.71,10.31,11.15,10.37,10.37,-1.799,10.36,10.37,10.761,49446171.74,4594899.0,7472.0,0.0,560454.3,52330,108.0,336112.44,32412,21,236954.5,22850,13,0.0,0.0,0.0,0.0,0,0,0.0,0.0,0.0,0.0,0,0
2021-07-27,MERCN,MERCAN KIMYA,N,MSPOT,MSPOTEQT,MSPOTEQTMERCN,0,0,0,0,0,10.3,10.3,10.15,10.5,10.27,10.27,-0.964,10.27,10.28,10.336,15295159.57,1479859.0,2877.0,0.0,72100.0,7000,19.0,140164.96,13648,18,231280.4,22520,15,0.0,0.0,0.0,0.0,0,0,0.0,0.0,0.0,0.0,0,0
2021-07-28,MERCN,MERCAN KIMYA,N,MSPOT,MSPOTEQT,MSPOTEQTMERCN,0,0,0,0,0,10.27,10.27,10.16,10.39,10.18,10.18,-0.876,10.17,10.18,10.269,12012478.62,1169820.0,2011.0,0.0,249745.86,24318,27.0,235931.68,23176,33,54758.22,5379,9,0.0,0.0,0.0,0.0,0,0,0.0,0.0,0.0,0.0,0,0
2021-07-29,MERCN,MERCAN KIMYA,N,MSPOT,MSPOTEQT,MSPOTEQTMERCN,0,0,0,0,0,10.25,10.25,10.1,10.29,10.16,10.16,-0.196,10.15,10.16,10.21,11517583.19,1128069.0,2201.0,0.0,68429.0,6676,22.0,229991.92,22637,29,10231.12,1007,2,0.0,0.0,0.0,0.0,0,0,0.0,0.0,0.0,0.0,0,0
2021-07-30,MERCN,MERCAN KIMYA,N,MSPOT,MSPOTEQT,MSPOTEQTMERCN,0,0,0,0,0,10.17,10.17,10.1,10.42,10.24,10.24,0.787,10.24,10.25,10.264,13843217.29,1348717.0,2769.0,0.0,351068.4,34520,15.0,210073.6,20515,27,120320.0,11750,9,0.0,0.0,0.0,0.0,0,0,0.0,0.0,0.0,0.0,0,0
2021-08-02,MERCN,MERCAN KIMYA,N,MSPOT,MSPOTEQT,MSPOTEQTMERCN,0,0,0,0,0,10.21,10.21,10.13,10.31,10.19,10.19,-0.488,10.18,10.19,10.218,16133569.18,1578923.0,2297.0,0.0,96995.0,9500,21.0,91180.12,8948,11,64726.88,6352,5,0.0,0.0,0.0,0.0,0,0,0.0,0.0,0.0,0.0,0,0
2021-08-03,MERCN,MERCAN KIMYA,N,MSPOT,MSPOTEQT,MSPOTEQTMERCN,0,0,0,0,0,10.15,10.15,9.86,10.2,9.88,9.88,-3.042,9.87,9.88,10.007,15599146.58,1558825.0,2580.0,0.0,514818.15,50721,18.0,170064.44,17213,31,46050.68,4661,13,0.0,0.0,0.0,0.0,0,0,0.0,0.0,0.0,0.0,0,0
2021-08-04,MERCN,MERCAN KIMYA,N,MSPOT,MSPOTEQT,MSPOTEQTMERCN,0,0,0,0,0,9.9,9.9,9.81,10.0,9.87,9.87,-0.101,9.87,9.88,9.893,9321647.15,942260.0,1889.0,0.0,5860.8,592,8.0,287710.5,29150,25,158541.81,16063,12,0.0,0.0,0.0,0.0,0,0,0.0,0.0,0.0,0.0,0,0
2021-08-05,MERCN,MERCAN KIMYA,N,MSPOT,MSPOTEQT,MSPOTEQTMERCN,0,0,0,0,0,9.88,9.88,9.65,9.88,9.68,9.68,-1.925,9.67,9.68,9.76,9466433.29,969909.0,2262.0,0.0,178294.48,18046,19.0,162411.04,16778,36,134174.48,13861,23,0.0,0.0,0.0,0.0,0,0,0.0,0.0,0.0,0.0,0,0
2021-08-06,MERCN,MERCAN KIMYA,N,MSPOT,MSPOTEQT,MSPOTEQTMERCN,0,0,0,0,0,9.71,9.71,9.6,10.01,9.73,9.73,0.517,9.73,9.74,9.839,18332085.98,1863235.0,4165.0,0.0,17545.97,1807,10.0,170099.86,17482,22,44758.0,4600,4,0.0,0.0,0.0,0.0,0,0,0.0,0.0,0.0,0.0,0,0
2021-08-09,MERCN,MERCAN KIMYA,N,MSPOT,MSPOTEQT,MSPOTEQTMERCN,0,0,0,0,0,9.83,9.83,9.78,9.95,9.81,9.81,0.822,9.81,9.82,9.856,13302822.33,1349777.0,2464.0,0.0,308917.58,31426,34.0,81766.35,8335,14,86220.09,8789,38,0.0,0.0,0.0,0.0,0,0,0.0,0.0,0.0,0.0,0,0
2021-08-10,MERCN,MERCAN KIMYA,N,MSPOT,MSPOTEQT,MSPOTEQTMERCN,0,0,0,0,0,9.84,9.84,9.79,9.95,9.87,9.87,0.612,9.86,9.87,9.885,11236777.82,1136765.0,2440.0,0.0,13382.4,1360,13.0,103635.0,10500,24,49172.34,4982,16,0.0,0.0,0.0,0.0,0,0,0.0,0.0,0.0,0.0,0,0
2021-08-11,MERCN,MERCAN KIMYA,N,MSPOT,MSPOTEQT,MSPOTEQTMERCN,0,0,0,0,0,9.9,9.9,9.5,9.92,9.62,9.62,-2.533,9.62,9.63,9.712,13411044.95,1380860.0,2692.0,0.0,343470.6,34694,20.0,23588.24,2452,16,77431.38,8049,19,0.0,0.0,0.0,0.0,0,0,0.0,0.0,0.0,0.0,0,0
2021-08-12,MERCN,MERCAN KIMYA,N,MSPOT,MSPOTEQT,MSPOTEQTMERCN,0,0,0,0,0,9.66,9.66,9.62,9.78,9.69,9.69,0.728,9.69,9.7,9.691,9735663.02,1004569.0,2003.0,0.0,41798.82,4327,10.0,63954.0,6600,21,12597.0,1300,3,0.0,0.0,0.0,0.0,0,0,0.0,0.0,0.0,0.0,0,0
2021-08-13,MERCN,MERCAN KIMYA,N,MSPOT,MSPOTEQT,MSPOTEQTMERCN,0,0,0,0,0,9.69,9.69,9.6,10.2,10.15,10.15,4.747,10.15,10.16,9.954,30090464.01,3022981.0,5019.0,0.0,254943.9,26310,11.0,442976.45,43643,60,81240.6,8004,8,0.0,0.0,0.0,0.0,0,0,0.0,0.0,0.0,0.0,0,0
2021-08-16,MERCN,MERCAN KIMYA,N,MSPOT,MSPOTEQT,MSPOTEQTMERCN,0,0,0,0,0,10.21,10.21,10.06,10.26,10.13,10.13,-0.197,10.12,10.13,10.16,16847460.62,1658282.0,2683.0,0.0,237484.6,23260,64.0,179128.79,17683,18,141840.26,14002,8,0.0,0.0,0.0,0.0,0,0,0.0,0.0,0.0,0.0,0,0
2021-08-17,MERCN,MERCAN KIMYA,N,MSPOT,MSPOTEQT,MSPOTEQTMERCN,0,0,0,0,0,10.14,10.14,9.83,10.92,9.85,9.85,-2.764,9.85,9.86,10.359,88268838.38,8520660.0,15766.0,0.0,431315.04,42536,15.0,307398.8,31208,56,39508.35,4011,10,0.0,0.0,0.0,0.0,0,0,0.0,0.0,0.0,0.0,0,0
2021-08-18,MERCN,MERCAN KIMYA,N,MSPOT,MSPOTEQT,MSPOTEQTMERCN,0,0,0,0,0,9.91,9.91,9.78,10.17,10.01,10.01,1.624,10.01,10.02,9.997,30648941.83,3065812.0,6010.0,0.0,80062.89,8079,24.0,126126.0,12600,24,247287.04,24704,10,0.0,0.0,0.0,0.0,0,0,0.0,0.0,0.0,0.0,0,0
2021-08-19,MERCN,MERCAN KIMYA,N,MSPOT,MSPOTEQT,MSPOTEQTMERCN,0,0,0,0,0,9.5,9.5,9.45,9.77,9.57,9.57,-4.396,9.57,9.58,9.637,29889444.27,3101406.0,7273.0,0.0,1279270.0,134660,123.0,219956.88,22984,65,303014.91,31663,27,0.0,0.0,0.0,0.0,0,0,0.0,0.0,0.0,0.0,0,0
2021-08-20,MERCN,MERCAN KIMYA,N,MSPOT,MSPOTEQT,MSPOTEQTMERCN,0,0,0,0,0,9.66,9.66,9.45,9.66,9.47,9.47,-1.045,9.47,9.5,9.549,15318662.88,1604225.0,4394.0,0.0,257071.92,26612,30.0,73866.0,7800,24,13040.19,1377,5,0.0,0.0,0.0,0.0,0,0,0.0,0.0,0.0,0.0,0,0
2021-08-23,MERCN,MERCAN KIMYA,N,MSPOT,MSPOTEQT,MSPOTEQTMERCN,0,0,0,0,0,9.53,9.53,9.47,9.87,9.73,9.73,2.746,9.73,9.74,9.68,22787541.25,2354172.0,5059.0,0.0,383868.4,40280,27.0,199046.61,20457,35,41644.4,4280,6,0.0,0.0,0.0,0.0,0,0,0.0,0.0,0.0,0.0,0,0
2021-08-24,MERCN,MERCAN KIMYA,N,MSPOT,MSPOTEQT,MSPOTEQTMERCN,0,0,0,0,0,9.8,9.8,9.6,9.8,9.6,9.6,-1.336,9.6,9.61,9.653,10228578.11,1059661.0,2451.0,0.0,93188.2,9509,25.0,144547.2,15057,26,308640.0,32150,42,0.0,0.0,0.0,0.0,0,0,0.0,0.0,0.0,0.0,0,0
2021-08-25,MERCN,MERCAN KIMYA,N,MSPOT,MSPOTEQT,MSPOTEQTMERCN,0,0,0,0,0,9.76,9.76,9.53,9.8,9.54,9.54,-0.625,9.54,9.55,9.667,17127610.91,1771726.0,5392.0,0.0,686030.4,70290,75.0,371439.9,38935,32,34095.96,3574,78,0.0,0.0,0.0,0.0,0,0,0.0,0.0,0.0,0.0,0,0
2021-08-26,MERCN,MERCAN KIMYA,N,MSPOT,MSPOTEQT,MSPOTEQTMERCN,0,0,0,0,0,9.57,9.57,9.46,9.63,9.56,9.56,0.21,9.56,9.57,9.536,8490601.98,890413.0,2247.0,0.0,14355.0,1500,8.0,73612.0,7700,13,12982.48,1358,6,0.0,0.0,0.0,0.0,0,0,0.0,0.0,0.0,0.0,0,0
2021-08-27,MERCN,MERCAN KIMYA,N,MSPOT,MSPOTEQT,MSPOTEQTMERCN,0,0,0,0,0,9.56,9.56,9.49,9.6,9.52,9.52,-0.418,9.52,9.53,9.538,6017951.95,630953.0,1758.0,0.0,359628.08,37618,17.0,141381.52,14851,21,33891.2,3560,3,0.0,0.0,0.0,0.0,0,0,0.0,0.0,0.0,0.0,0,0
2021-08-31,MERCN,MERCAN KIMYA,N,MSPOT,MSPOTEQT,MSPOTEQTMERCN,0,0,0,0,0,9.52,9.52,9.5,9.77,9.62,9.62,1.05,9.62,9.66,9.612,15473102.75,1609836.0,3926.0,0.0,58700.32,6166,31.0,120028.74,12477,27,2886.0,300,2,0.0,0.0,0.0,0.0,0,0,0.0,0.0,0.0,0.0,0,0
2021-09-01,MERCN,MERCAN KIMYA,N,MSPOT,MSPOTEQT,MSPOTEQTMERCN,0,0,0,0,0,9.72,9.72,9.65,9.82,9.69,9.69,0.728,9.69,9.7,9.721,14212264.1,1462033.0,3425.0,0.0,448179.48,46109,26.0,207172.2,21380,28,102714.0,10600,9,0.0,0.0,0.0,0.0,0,0,0.0,0.0,0.0,0.0,0,0
2021-09-02,MERCN,MERCAN KIMYA,N,MSPOT,MSPOTEQT,MSPOTEQTMERCN,0,0,0,0,0,9.71,9.71,9.55,9.75,9.61,9.61,-0.826,9.61,9.63,9.646,8641857.96,895929.0,2037.0,0.0,28964.93,2983,13.0,50558.21,5261,20,135501.0,14100,6,0.0,0.0,0.0,0.0,0,0,0.0,0.0,0.0,0.0,0,0
2021-09-03,MERCN,MERCAN KIMYA,N,MSPOT,MSPOTEQT,MSPOTEQTMERCN,0,0,0,0,0,9.58,9.58,9.51,9.61,9.54,9.54,-0.728,9.53,9.54,9.555,9079994.4,950269.0,1814.0,0.0,557680.54,58213,21.0,141878.88,14872,30,70214.4,7360,19,0.0,0.0,0.0,0.0,0,0,0.0,0.0,0.0,0.0,0,0
2021-09-06,MERCN,MERCAN KIMYA,N,MSPOT,MSPOTEQT,MSPOTEQTMERCN,0,0,0,0,0,9.52,9.52,9.49,10.35,10.06,10.06,5.451,10.06,10.07,10.07,103276790.52,10255489.0,13792.0,0.0,20944.0,2200,20.0,382290.06,38001,59,201381.08,20018,12,0.0,0.0,0.0,0.0,0,0,0.0,0.0,0.0,0.0,0,0
2021-09-07,MERCN,MERCAN KIMYA,N,MSPOT,MSPOTEQT,MSPOTEQTMERCN,0,0,0,0,0,10.1,10.1,9.89,10.58,10.24,10.24,1.789,10.24,10.25,10.233,77320237.3,7555910.0,11239.0,0.0,648591.7,64217,41.0,664975.36,64939,40,156149.76,15249,14,0.0,0.0,0.0,0.0,0,0,0.0,0.0,0.0,0.0,0,0
2021-09-08,MERCN,MERCAN KIMYA,N,MSPOT,MSPOTEQT,MSPOTEQTMERCN,0,0,0,0,0,10.24,10.24,10.04,10.45,10.16,10.16,-0.781,10.16,10.17,10.229,30606351.0,2992129.0,5165.0,0.0,80650.24,7876,28.0,467339.68,45998,46,528015.2,51970,30,0.0,0.0,0.0,0.0,0,0,0.0,0.0,0.0,0.0,0,0
2021-09-09,MERCN,MERCAN KIMYA,N,MSPOT,MSPOTEQT,MSPOTEQTMERCN,0,0,0,0,0,10.18,10.18,10.17,11.17,10.96,10.96,7.874,10.95,10.96,10.77,145176833.47,13479585.0,17555.0,0.0,53445.0,5250,11.0,951667.76,86831,78,376673.28,34368,38,0.0,0.0,0.0,0.0,0,0,0.0,0.0,0.0,0.0,0,0
2021-09-10,MERCN,MERCAN KIMYA,N,MSPOT,MSPOTEQT,MSPOTEQTMERCN,0,0,0,0,0,11.04,11.04,11.01,11.58,11.56,11.56,5.474,11.55,11.56,11.21,111375118.99,9935723.0,13198.0,0.0,381111.84,34521,80.0,687265.12,59452,128,175214.92,15157,54,0.0,0.0,0.0,0.0,0,0,0.0,0.0,0.0,0.0,0,0
2021-09-13,MERCN,MERCAN KIMYA,N,MSPOT,MSPOTEQT,MSPOTEQTMERCN,0,0,0,0,0,11.5,11.5,11.09,11.56,11.11,11.11,-3.893,11.1,11.11,11.295,68855211.5,6096182.0,9261.0,0.0,1678620.5,145967,96.0,594107.25,53475,60,617538.24,55584,37,0.0,0.0,0.0,0.0,0,0,0.0,0.0,0.0,0.0,0,0
2021-09-14,MERCN,MERCAN KIMYA,N,MSPOT,MSPOTEQT,MSPOTEQTMERCN,0,0,0,0,0,11.12,11.12,11.01,12.22,11.1,11.1,-0.09,11.1,11.13,11.606,244799701.33,21092086.0,24528.0,0.0,199303.76,17923,20.0,4583223.3,412903,248,3964675.8,357178,90,0.0,0.0,0.0,0.0,0,0,0.0,0.0,0.0,0.0,0,0
2021-09-15,MERCN,MERCAN KIMYA,N,MSPOT,MSPOTEQT,MSPOTEQTMERCN,0,0,0,0,0,11.08,11.08,11.0,11.26,11.11,11.11,0.09,11.11,11.13,11.108,74757868.08,6730193.0,8429.0,0.0,1708126.04,154163,100.0,1398715.67,125897,50,472508.3,42530,25,0.0,0.0,0.0,0.0,0,0,0.0,0.0,0.0,0.0,0,0
2021-09-16,MERCN,MERCAN KIMYA,N,MSPOT,MSPOTEQT,MSPOTEQTMERCN,0,0,0,0,0,11.13,11.13,11.1,11.53,11.35,11.35,2.16,11.35,11.36,11.294,68826541.01,6094312.0,17499.0,0.0,270459.0,24300,21.0,583832.65,51439,47,22109.8,1948,6,0.0,0.0,0.0,0.0,0,0,0.0,0.0,0.0,0.0,0,0
2021-09-17,MERCN,MERCAN KIMYA,N,MSPOT,MSPOTEQT,MSPOTEQTMERCN,0,0,0,0,0,11.43,11.43,11.28,11.82,11.51,11.51,1.41,11.51,11.52,11.568,65100524.45,5627853.0,13157.0,0.0,1211957.19,106033,37.0,418687.76,36376,41,432718.45,37595,26,0.0,0.0,0.0,0.0,0,0,0.0,0.0,0.0,0.0,0,0
2021-09-20,MERCN,MERCAN KIMYA,N,MSPOT,MSPOTEQT,MSPOTEQTMERCN,0,0,0,0,0,11.39,11.39,11.2,11.39,11.2,11.2,-2.693,11.19,11.2,11.26,38968007.18,3460736.0,6127.0,0.0,188777.86,16574,39.0,705779.2,63016,75,14156.8,1264,7,0.0,0.0,0.0,0.0,0,0,0.0,0.0,0.0,0.0,0,0
2021-09-21,MERCN,MERCAN KIMYA,N,MSPOT,MSPOTEQT,MSPOTEQTMERCN,0,0,0,0,0,11.2,11.2,11.0,11.21,11.06,11.06,-1.25,11.06,11.07,11.062,32436663.92,2932206.0,4450.0,0.0,813870.4,72667,54.0,147816.9,13365,21,173951.68,15728,15,0.0,0.0,0.0,0.0,0,0,0.0,0.0,0.0,0.0,0,0
2021-09-22,MERCN,MERCAN KIMYA,N,MSPOT,MSPOTEQT,MSPOTEQTMERCN,0,0,0,0,0,11.11,11.11,11.0,11.14,11.05,11.05,-0.09,11.05,11.06,11.071,27639377.05,2496485.0,3189.0,0.0,30419.18,2738,15.0,356484.05,32261,33,341909.1,30942,25,0.0,0.0,0.0,0.0,0,0,0.0,0.0,0.0,0.0,0,0
2021-09-23,MERCN,MERCAN KIMYA,N,MSPOT,MSPOTEQT,MSPOTEQTMERCN,0,0,0,0,0,11.07,11.07,11.01,11.44,11.24,11.24,1.719,11.23,11.24,11.203,44191486.27,3944730.0,5757.0,0.0,607842.63,54909,16.0,563517.4,50135,34,86671.64,7711,29,0.0,0.0,0.0,0.0,0,0,0.0,0.0,0.0,0.0,0,0
2021-09-24,MERCN,MERCAN KIMYA,N,MSPOT,MSPOTEQT,MSPOTEQTMERCN,0,0,0,0,0,11.25,11.25,11.06,11.25,11.06,11.06,-1.601,11.05,11.06,11.115,24909016.22,2241063.0,4231.0,0.0,269943.75,23995,18.0,228212.04,20634,36,278535.04,25184,20,0.0,0.0,0.0,0.0,0,0,0.0,0.0,0.0,0.0,0,0
2021-09-27,MERCN,MERCAN KIMYA,N,MSPOT,MSPOTEQT,MSPOTEQTMERCN,0,0,0,0,0,11.09,11.09,11.02,11.15,11.02,11.02,-0.362,11.02,11.03,11.086,20368467.47,1837320.0,3032.0,0.0,782732.2,70580,30.0,639148.98,57999,59,11020.0,1000,2,0.0,0.0,0.0,0.0,0,0,0.0,0.0,0.0,0.0,0,0
2021-09-28,MERCN,MERCAN KIMYA,N,MSPOT,MSPOTEQT,MSPOTEQTMERCN,0,0,0,0,0,11.04,11.04,11.04,11.34,11.1,11.1,0.726,11.09,11.1,11.181,52918792.53,4732718.0,7906.0,0.0,84456.0,7650,9.0,450660.0,40600,35,1039370.7,93637,44,0.0,0.0,0.0,0.0,0,0,0.0,0.0,0.0,0.0,0,0
2021-09-29,MERCN,MERCAN KIMYA,N,MSPOT,MSPOTEQT,MSPOTEQTMERCN,0,0,0,0,0,11.12,11.12,11.04,11.17,11.04,11.04,-0.541,11.04,11.05,11.091,24087409.95,2171769.0,5781.0,0.0,1131015.2,101710,28.0,481940.16,43654,61,332646.24,30131,29,0.0,0.0,0.0,0.0,0,0,0.0,0.0,0.0,0.0,0,0
2021-09-30,MERCN,MERCAN KIMYA,N,MSPOT,MSPOTEQT,MSPOTEQTMERCN,0,0,0,0,0,11.05,11.05,11.0,11.1,11.0,11.0,-0.362,11.0,11.01,11.032,18092990.12,1640079.0,3471.0,0.0,89692.85,8117,15.0,515262.0,46842,31,71005.0,6455,23,0.0,0.0,0.0,0.0,0,0,0.0,0.0,0.0,0.0,0,0
2021-10-01,MERCN,MERCAN KIMYA,N,MSPOT,MSPOTEQT,MSPOTEQTMERCN,0,0,0,0,0,11.0,11.0,10.38,11.0,10.41,10.41,-5.364,10.41,10.44,10.679,32716143.56,3063625.0,5275.0,0.0,126522.0,11502,24.0,417701.25,40125,92,252109.38,24218,101,0.0,0.0,0.0,0.0,0,0,0.0,0.0,0.0,0.0,0,0
2021-10-04,MERCN,MERCAN KIMYA,N,MSPOT,MSPOTEQT,MSPOTEQTMERCN,0,0,0,0,0,10.31,10.31,9.94,10.41,9.94,9.94,-4.515,9.93,9.94,10.094,28505216.92,2823933.0,8042.0,0.0,113410.0,11000,69.0,476791.98,47967,136,315018.48,31692,34,0.0,0.0,0.0,0.0,0,0,0.0,0.0,0.0,0.0,0,0
2021-10-05,MERCN,MERCAN KIMYA,N,MSPOT,MSPOTEQT,MSPOTEQTMERCN,0,0,0,0,0,10.0,10.0,9.94,10.39,10.13,10.13,1.911,10.12,10.13,10.157,24136342.15,2376419.0,5330.0,0.0,434570.0,43457,19.0,253553.9,25030,39,91595.46,9042,19,0.0,0.0,0.0,0.0,0,0,0.0,0.0,0.0,0.0,0,0
2021-10-06,MERCN,MERCAN KIMYA,N,MSPOT,MSPOTEQT,MSPOTEQTMERCN,0,0,0,0,0,10.05,10.05,9.99,10.45,10.38,10.38,2.468,10.38,10.39,10.221,22399863.31,2191595.0,4695.0,0.0,135232.8,13456,32.0,229200.78,22081,30,146254.2,14090,34,0.0,0.0,0.0,0.0,0,0,0.0,0.0,0.0,0.0,0,0
2021-10-07,MERCN,MERCAN KIMYA,N,MSPOT,MSPOTEQT,MSPOTEQTMERCN,0,0,0,0,0,10.44,10.44,10.16,10.47,10.2,10.2,-1.734,10.2,10.21,10.251,10905803.09,1063839.0,2939.0,0.0,619540.92,59343,21.0,121196.4,11882,26,26713.8,2619,4,0.0,0.0,0.0,0.0,0,0,0.0,0.0,0.0,0.0,0,0
2021-10-08,MERCN,MERCAN KIMYA,N,MSPOT,MSPOTEQT,MSPOTEQTMERCN,0,0,0,0,0,10.22,10.22,10.13,10.45,10.3,10.3,0.98,10.29,10.3,10.254,24419314.86,2381434.0,4036.0,0.0,8993.6,880,8.0,231863.3,22511,31,207339.0,20130,17,0.0,0.0,0.0,0.0,0,0,0.0,0.0,0.0,0.0,0,0
2021-10-11,MERCN,MERCAN KIMYA,N,MSPOT,MSPOTEQT,MSPOTEQTMERCN,0,0,0,0,0,10.3,10.3,10.05,10.35,10.09,10.09,-2.039,10.09,10.1,10.195,8879466.33,870950.0,3723.0,0.0,636241.3,61771,32.0,145205.19,14391,23,59389.74,5886,14,0.0,0.0,0.0,0.0,0,0,0.0,0.0,0.0,0.0,0,0
2021-10-12,MERCN,MERCAN KIMYA,N,MSPOT,MSPOTEQT,MSPOTEQTMERCN,0,0,0,0,0,10.09,10.09,9.98,10.16,10.03,10.03,-0.595,10.03,10.05,10.078,7088750.38,703400.0,2271.0,0.0,55676.62,5518,12.0,141914.47,14149,25,16549.5,1650,3,0.0,0.0,0.0,0.0,0,0,0.0,0.0,0.0,0.0,0,0
2021-10-13,MERCN,MERCAN KIMYA,N,MSPOT,MSPOTEQT,MSPOTEQTMERCN,0,0,0,0,0,10.14,10.14,9.64,10.17,9.69,9.69,-3.39,9.69,9.7,9.831,27354328.44,2782451.0,7742.0,0.0,920002.2,90730,47.0,78479.31,8099,20,50184.51,5179,7,0.0,0.0,0.0,0.0,0,0,0.0,0.0,0.0,0.0,0,0
2021-10-14,MERCN,MERCAN KIMYA,N,MSPOT,MSPOTEQT,MSPOTEQTMERCN,0,0,0,0,0,9.7,9.7,9.63,9.8,9.71,9.71,0.206,9.71,9.73,9.72,10726235.81,1103505.0,2845.0,0.0,46579.4,4802,14.0,66028.0,6800,10,0.0,0,0,0.0,0.0,0.0,0.0,0,0,0.0,0.0,0.0,0.0,0,0
2021-10-15,MERCN,MERCAN KIMYA,N,MSPOT,MSPOTEQT,MSPOTEQTMERCN,0,0,0,0,0,9.73,9.73,9.55,9.77,9.55,9.55,-1.648,9.55,9.56,9.638,9967749.95,1034229.0,2847.0,0.0,17299.94,1778,8.0,293452.4,30728,95,27437.15,2873,16,0.0,0.0,0.0,0.0,0,0,0.0,0.0,0.0,0.0,0,0
2021-10-18,MERCN,MERCAN KIMYA,N,MSPOT,MSPOTEQT,MSPOTEQTMERCN,0,0,0,0,0,9.63,9.63,9.55,9.73,9.58,9.58,0.314,9.58,9.59,9.625,10632460.18,1104705.0,3419.0,0.0,68228.55,7085,20.0,39278.0,4100,11,109020.4,11380,23,0.0,0.0,0.0,0.0,0,0,0.0,0.0,0.0,0.0,0,0
2021-10-19,MERCN,MERCAN KIMYA,N,MSPOT,MSPOTEQT,MSPOTEQTMERCN,0,0,0,0,0,9.7,9.7,9.63,10.38,10.12,10.12,5.637,10.12,10.13,10.051,44027782.67,4380245.0,9588.0,0.0,582562.6,60058,28.0,407390.72,40256,53,5778.52,571,3,0.0,0.0,0.0,0.0,0,0,0.0,0.0,0.0,0.0,0,0
2021-10-20,MERCN,MERCAN KIMYA,N,MSPOT,MSPOTEQT,MSPOTEQTMERCN,0,0,0,0,0,10.07,10.07,10.0,10.22,10.03,10.03,-0.889,10.03,10.04,10.102,13168571.7,1303579.0,3398.0,0.0,56492.7,5610,35.0,88003.22,8774,12,102827.56,10252,6,0.0,0.0,0.0,0.0,0,0,0.0,0.0,0.0,0.0,0,0
2021-10-21,MERCN,MERCAN KIMYA,N,MSPOT,MSPOTEQT,MSPOTEQTMERCN,0,0,0,0,0,10.06,10.06,9.86,10.28,10.12,10.12,0.897,10.12,10.14,10.097,15207095.68,1506123.0,3153.0,0.0,573933.06,57051,8.0,90310.88,8924,16,2074.6,205,2,0.0,0.0,0.0,0.0,0,0,0.0,0.0,0.0,0.0,0,0
2021-10-22,MERCN,MERCAN KIMYA,N,MSPOT,MSPOTEQT,MSPOTEQTMERCN,0,0,0,0,0,10.15,10.15,10.09,10.42,10.27,10.27,1.482,10.27,10.28,10.29,18011417.77,1750342.0,4295.0,0.0,50800.75,5005,8.0,125581.56,12228,55,31467.28,3064,4,0.0,0.0,0.0,0.0,0,0,0.0,0.0,0.0,0.0,0,0
2021-10-25,MERCN,MERCAN KIMYA,N,MSPOT,MSPOTEQT,MSPOTEQTMERCN,0,0,0,0,0,10.26,10.26,10.09,10.26,10.1,10.1,-1.655,10.1,10.12,10.156,9897683.96,974525.0,4138.0,0.0,68977.98,6723,15.0,50489.9,4999,20,1333.2,132,4,0.0,0.0,0.0,0.0,0,0,0.0,0.0,0.0,0.0,0,0
2021-10-26,MERCN,MERCAN KIMYA,N,MSPOT,MSPOTEQT,MSPOTEQTMERCN,0,0,0,0,0,10.13,10.13,10.07,10.2,10.07,10.07,-0.297,10.07,10.1,10.139,8922317.9,879971.0,3220.0,0.0,20776.63,2051,10.0,75091.99,7457,30,33442.47,3321,10,0.0,0.0,0.0,0.0,0,0,0.0,0.0,0.0,0.0,0,0
2021-10-27,MERCN,MERCAN KIMYA,N,MSPOT,MSPOTEQT,MSPOTEQTMERCN,0,0,0,0,0,10.13,10.13,10.05,10.4,10.37,10.37,2.979,10.37,10.38,10.275,15664338.09,1524470.0,2832.0,0.0,12156.0,1200,8.0,118259.48,11404,12,221565.42,21366,17,0.0,0.0,0.0,0.0,0,0,0.0,0.0,0.0,0.0,0,0
2021-10-28,MERCN,MERCAN KIMYA,N,MSPOT,MSPOTEQT,MSPOTEQTMERCN,0,0,0,0,0,10.37,10.37,10.25,10.59,10.49,10.49,1.157,10.48,10.49,10.407,7939087.98,762890.0,1260.0,0.0,111747.12,10776,19.0,243011.34,23166,37,57128.54,5446,9,0.0,0.0,0.0,0.0,0,0,0.0,0.0,0.0,0.0,0,0
2021-11-01,MERCN,MERCAN KIMYA,N,MSPOT,MSPOTEQT,MSPOTEQTMERCN,0,0,0,0,0,10.49,10.49,10.49,11.01,10.65,10.65,1.525,10.65,10.66,10.759,20674271.3,1921534.0,3761.0,0.0,88808.34,8466,46.0,323547.0,30380,29,532.5,50,1,0.0,0.0,0.0,0.0,0,0,0.0,0.0,0.0,0.0,0,0
2021-11-02,MERCN,MERCAN KIMYA,N,MSPOT,MSPOTEQT,MSPOTEQTMERCN,0,0,0,0,0,10.75,10.75,10.48,10.93,10.51,10.51,-1.315,10.51,10.52,10.679,17854958.08,1671964.0,4062.0,0.0,715713.5,66578,34.0,40516.05,3855,11,30605.12,2912,5,0.0,0.0,0.0,0.0,0,0,0.0,0.0,0.0,0.0,0,0
2021-11-03,MERCN,MERCAN KIMYA,N,MSPOT,MSPOTEQT,MSPOTEQTMERCN,0,0,0,0,0,10.51,10.51,10.0,10.68,10.51,10.51,0.0,10.5,10.51,10.361,16620057.03,1604169.0,7839.0,0.0,60232.81,5731,8.0,228876.27,21777,122,9448.49,899,128,0.0,0.0,0.0,0.0,0,0,0.0,0.0,0.0,0.0,0,0
2021-11-04,MERCN,MERCAN KIMYA,N,MSPOT,MSPOTEQT,MSPOTEQTMERCN,0,0,0,0,0,10.7,10.7,10.32,10.87,10.42,10.42,-0.856,10.42,10.43,10.532,30357276.4,2882406.0,15060.0,0.0,6220712.5,581375,57.0,353227.58,33899,45,76774.56,7368,10,0.0,0.0,0.0,0.0,0,0,0.0,0.0,0.0,0.0,0,0
2021-11-05,MERCN,MERCAN KIMYA,N,MSPOT,MSPOTEQT,MSPOTEQTMERCN,0,0,0,0,0,10.4,10.4,10.18,10.45,10.28,10.28,-1.344,10.28,10.29,10.289,8113960.11,788581.0,1648.0,0.0,5730.4,551,10.0,115136.0,11200,19,82240.0,8000,9,0.0,0.0,0.0,0.0,0,0,0.0,0.0,0.0,0.0,0,0
2021-11-08,MERCN,MERCAN KIMYA,N,MSPOT,MSPOTEQT,MSPOTEQTMERCN,0,0,0,0,0,10.2,10.2,10.18,10.36,10.25,10.25,-0.292,10.25,10.27,10.267,7067601.97,688398.0,1179.0,0.0,714193.8,70019,25.0,100716.5,9826,13,41000.0,4000,8,0.0,0.0,0.0,0.0,0,0,0.0,0.0,0.0,0.0,0,0
2021-11-09,MERCN,MERCAN KIMYA,N,MSPOT,MSPOTEQT,MSPOTEQTMERCN,0,0,0,0,0,10.37,10.37,10.23,10.48,10.28,10.28,0.293,10.28,10.29,10.342,13910855.54,1345068.0,2785.0,0.0,74985.47,7231,16.0,108854.92,10589,14,82990.44,8073,28,0.0,0.0,0.0,0.0,0,0,0.0,0.0,0.0,0.0,0,0
2021-11-10,MERCN,MERCAN KIMYA,N,MSPOT,MSPOTEQT,MSPOTEQTMERCN,0,0,0,0,0,10.29,10.29,10.06,10.34,10.16,10.16,-1.167,10.16,10.17,10.204,9798718.58,960273.0,2307.0,0.0,401690.73,39037,6.0,129672.08,12763,15,118546.88,11668,20,0.0,0.0,0.0,0.0,0,0,0.0,0.0,0.0,0.0,0,0
2021-11-11,MERCN,MERCAN KIMYA,N,MSPOT,MSPOTEQT,MSPOTEQTMERCN,0,0,0,0,0,10.1,10.1,10.07,11.17,11.17,11.17,9.941,11.17,0.0,10.73,57612109.33,5369500.0,8416.0,0.0,4848.0,480,9.0,58508.46,5238,6,44367.24,3972,9,0.0,0.0,0.0,0.0,0,0,0.0,0.0,0.0,0.0,0,0
2021-11-12,MERCN,MERCAN KIMYA,N,MSPOT,MSPOTEQT,MSPOTEQTMERCN,0,0,0,0,0,11.25,11.25,10.76,11.89,11.39,11.39,1.97,11.37,11.39,11.401,70372263.0,6172307.0,11610.0,0.0,799863.75,71099,117.0,369343.53,32427,41,38452.64,3376,32,0.0,0.0,0.0,0.0,0,0,0.0,0.0,0.0,0.0,0,0
2021-11-15,MERCN,MERCAN KIMYA,N,MSPOT,MSPOTEQT,MSPOTEQTMERCN,0,0,0,0,0,11.39,11.39,11.02,11.59,11.29,11.29,-0.878,11.27,11.29,11.295,22457501.3,1988331.0,3698.0,0.0,92634.87,8133,36.0,72075.36,6384,9,3725.7,330,1,0.0,0.0,0.0,0.0,0,0,0.0,0.0,0.0,0.0,0,0
2021-11-16,MERCN,MERCAN KIMYA,N,MSPOT,MSPOTEQT,MSPOTEQTMERCN,0,0,0,0,0,11.34,11.34,11.26,11.79,11.35,11.35,0.531,11.34,11.35,11.525,25356927.29,2200099.0,4173.0,0.0,476314.02,42003,8.0,246941.95,21757,26,5675.0,500,1,0.0,0.0,0.0,0.0,0,0,0.0,0.0,0.0,0.0,0,0
2021-11-17,MERCN,MERCAN KIMYA,N,MSPOT,MSPOTEQT,MSPOTEQTMERCN,0,0,0,0,0,11.36,11.36,11.36,12.48,12.48,12.48,9.956,12.48,0.0,12.058,47920074.2,3974048.0,7593.0,0.0,12212.0,1075,9.0,886.08,71,2,0.0,0,0,0.0,0.0,0.0,0.0,0,0,0.0,0.0,0.0,0.0,0,0
2021-11-18,MERCN,MERCAN KIMYA,N,MSPOT,MSPOTEQT,MSPOTEQTMERCN,0,0,0,0,0,12.97,12.97,12.6,13.72,13.72,13.72,9.936,13.72,0.0,13.147,101965725.55,7756078.0,11282.0,0.0,753427.3,58090,133.0,4380686.24,319292,14,5239338.72,381876,49,0.0,0.0,0.0,0.0,0,0,0.0,0.0,0.0,0.0,0,0
2021-11-19,MERCN,MERCAN KIMYA,N,MSPOT,MSPOTEQT,MSPOTEQTMERCN,0,0,0,0,0,14.1,14.1,12.35,14.25,12.35,12.35,-9.985,0.0,12.35,12.647,105096924.7,8310166.0,12037.0,0.0,1347762.6,95586,154.0,11287.9,914,8,13103.35,1061,5,0.0,0.0,0.0,0.0,0,0,0.0,0.0,0.0,0.0,0,0
2021-11-22,MERCN,MERCAN KIMYA,N,MSPOT,MSPOTEQT,MSPOTEQTMERCN,0,0,0,0,0,11.81,11.81,11.12,12.33,11.12,11.12,-9.96,0.0,11.12,11.37,97216799.95,8550083.0,14610.0,0.0,1548787.02,131142,149.0,67376.08,6059,25,37452.16,3368,24,0.0,0.0,0.0,0.0,0,0,0.0,0.0,0.0,0.0,0,0
2021-11-23,MERCN,MERCAN KIMYA,N,MSPOT,MSPOTEQT,MSPOTEQTMERCN,0,0,0,0,0,10.76,10.76,10.01,11.06,10.01,10.01,-9.982,0.0,10.01,10.347,118321637.4,11435094.0,19267.0,0.0,788718.76,73301,170.0,65175.11,6511,20,64534.47,6447,25,0.0,0.0,0.0,0.0,0,0,0.0,0.0,0.0,0.0,0,0
2021-11-24,MERCN,MERCAN KIMYA,N,MSPOT,MSPOTEQT,MSPOTEQTMERCN,0,0,0,0,0,10.0,10.0,9.94,10.35,10.05,10.05,0.4,10.05,10.06,10.114,70569425.12,6977354.0,14049.0,0.0,946210.0,94621,91.0,288706.35,28727,63,166106.4,16528,25,0.0,0.0,0.0,0.0,0,0,0.0,0.0,0.0,0.0,0,0
2021-11-25,MERCN,MERCAN KIMYA,N,MSPOT,MSPOTEQT,MSPOTEQTMERCN,0,0,0,0,0,10.11,10.11,9.93,10.18,9.94,9.94,-1.095,9.94,9.95,10.035,33114379.84,3299814.0,8819.0,0.0,88533.27,8757,32.0,391168.82,39353,90,227297.98,22867,35,0.0,0.0,0.0,0.0,0,0,0.0,0.0,0.0,0.0,0,0
2021-11-26,MERCN,MERCAN KIMYA,N,MSPOT,MSPOTEQT,MSPOTEQTMERCN,0,0,0,0,0,9.94,9.94,9.85,10.14,9.98,9.98,0.402,9.98,9.99,9.994,32700524.15,3271909.0,7252.0,0.0,552664.0,55600,67.0,227913.26,22837,29,43612.6,4370,8,0.0,0.0,0.0,0.0,0,0,0.0,0.0,0.0,0.0,0,0
2021-11-29,MERCN,MERCAN KIMYA,N,MSPOT,MSPOTEQT,MSPOTEQTMERCN,0,0,0,0,0,10.05,10.05,9.97,10.17,10.06,10.06,0.802,10.06,10.07,10.059,23616355.14,2347849.0,5011.0,0.0,66953.1,6662,28.0,181583.0,18050,35,38761.18,3853,9,0.0,0.0,0.0,0.0,0,0,0.0,0.0,0.0,0.0,0,0
2021-11-30,MERCN,MERCAN KIMYA,N,MSPOT,MSPOTEQT,MSPOTEQTMERCN,0,0,0,0,0,10.05,10.05,9.99,10.5,10.29,10.29,2.286,10.29,10.3,10.216,50534125.74,4946725.0,9370.0,0.0,652697.25,64945,55.0,268013.34,26046,48,116801.79,11351,28,0.0,0.0,0.0,0.0,0,0,0.0,0.0,0.0,0.0,0,0
2021-12-01,MERCN,MERCAN KIMYA,N,MSPOT,MSPOTEQT,MSPOTEQTMERCN,0,0,0,0,0,10.37,10.37,10.32,10.62,10.39,10.39,0.972,10.39,10.41,10.431,25223284.03,2418030.0,6951.0,0.0,39727.47,3831,22.0,302369.78,29102,35,11429.0,1100,3,0.0,0.0,0.0,0.0,0,0,0.0,0.0,0.0,0.0,0,0
2021-12-02,MERCN,MERCAN KIMYA,N,MSPOT,MSPOTEQT,MSPOTEQTMERCN,0,0,0,0,0,10.45,10.45,10.3,10.52,10.41,10.41,0.192,10.4,10.41,10.416,23736769.09,2278957.0,4558.0,0.0,574760.45,55001,22.0,120277.14,11554,27,158065.44,15184,18,0.0,0.0,0.0,0.0,0,0,0.0,0.0,0.0,0.0,0,0
2021-12-03,MERCN,MERCAN KIMYA,N,MSPOT,MSPOTEQT,MSPOTEQTMERCN,0,0,0,0,0,10.45,10.45,10.37,10.5,10.4,10.4,-0.096,10.4,10.41,10.425,21798580.52,2091084.0,4148.0,0.0,61142.95,5851,16.0,412287.2,39643,29,129074.4,12411,19,0.0,0.0,0.0,0.0,0,0,0.0,0.0,0.0,0.0,0,0
2021-12-06,MERCN,MERCAN KIMYA,N,MSPOT,MSPOTEQT,MSPOTEQTMERCN,0,0,0,0,0,10.44,10.44,10.26,10.5,10.39,10.39,-0.096,10.39,10.4,10.392,27586206.41,2654527.0,5651.0,0.0,706652.28,67687,43.0,226657.85,21815,34,101354.45,9755,19,0.0,0.0,0.0,0.0,0,0,0.0,0.0,0.0,0.0,0,0
2021-12-07,MERCN,MERCAN KIMYA,N,MSPOT,MSPOTEQT,MSPOTEQTMERCN,0,0,0,0,0,10.42,10.42,10.41,10.97,10.7,10.7,2.984,10.7,10.71,10.7,56760936.82,5304697.0,10972.0,0.0,56538.92,5426,17.0,259357.3,24239,54,62552.2,5846,15,0.0,0.0,0.0,0.0,0,0,0.0,0.0,0.0,0.0,0,0
2021-12-08,MERCN,MERCAN KIMYA,N,MSPOT,MSPOTEQT,MSPOTEQTMERCN,0,0,0,0,0,10.8,10.8,10.72,11.2,11.2,11.2,4.673,11.2,11.21,10.914,54083161.37,4955586.0,10220.0,0.0,754444.8,69856,59.0,426294.4,38062,62,462504.0,41295,54,0.0,0.0,0.0,0.0,0,0,0.0,0.0,0.0,0.0,0,0
2021-12-09,MERCN,MERCAN KIMYA,N,MSPOT,MSPOTEQT,MSPOTEQTMERCN,0,0,0,0,0,11.33,11.33,10.8,11.65,10.83,10.83,-3.304,10.83,10.85,11.22,59915271.09,5339983.0,11099.0,0.0,468994.02,41394,89.0,338654.1,31270,119,114299.82,10554,21,0.0,0.0,0.0,0.0,0,0,0.0,0.0,0.0,0.0,0,0
2021-12-10,MERCN,MERCAN KIMYA,N,MSPOT,MSPOTEQT,MSPOTEQTMERCN,0,0,0,0,0,10.84,10.84,10.37,10.88,10.56,10.56,-2.493,10.55,10.56,10.592,30540300.02,2883363.0,7879.0,0.0,700339.88,64607,35.0,94585.92,8957,24,46020.48,4358,26,0.0,0.0,0.0,0.0,0,0,0.0,0.0,0.0,0.0,0,0
2021-12-13,MERCN,MERCAN KIMYA,N,MSPOT,MSPOTEQT,MSPOTEQTMERCN,0,0,0,0,0,10.63,10.63,10.57,11.05,10.85,10.85,2.746,10.84,10.85,10.787,48691717.24,4513890.0,8509.0,0.0,74984.02,7054,20.0,256569.95,23647,46,116344.55,10723,15,0.0,0.0,0.0,0.0,0,0,0.0,0.0,0.0,0.0,0,0
2021-12-14,MERCN,MERCAN KIMYA,N,MSPOT,MSPOTEQT,MSPOTEQTMERCN,0,0,0,0,0,10.94,10.94,10.65,10.96,10.69,10.69,-1.475,10.68,10.69,10.728,22170367.78,2066604.0,4234.0,0.0,651641.1,59565,43.0,330705.84,30936,44,117483.1,10990,16,0.0,0.0,0.0,0.0,0,0,0.0,0.0,0.0,0.0,0,0
2021-12-15,MERCN,MERCAN KIMYA,N,MSPOT,MSPOTEQT,MSPOTEQTMERCN,0,0,0,0,0,10.72,10.72,10.39,10.74,10.39,10.39,-2.806,10.39,10.41,10.527,17017228.17,1616461.0,4171.0,0.0,66485.44,6202,13.0,173575.34,16706,74,6130.1,590,2,0.0,0.0,0.0,0.0,0,0,0.0,0.0,0.0,0.0,0,0
2021-12-16,MERCN,MERCAN KIMYA,N,MSPOT,MSPOTEQT,MSPOTEQTMERCN,0,0,0,0,0,10.48,10.48,10.28,10.72,10.61,10.61,2.117,10.61,10.62,10.477,22484948.23,2146216.0,4684.0,0.0,434940.96,41502,20.0,128465.88,12108,23,109495.2,10320,11,0.0,0.0,0.0,0.0,0,0,0.0,0.0,0.0,0.0,0,0
2021-12-17,MERCN,MERCAN KIMYA,N,MSPOT,MSPOTEQT,MSPOTEQTMERCN,0,0,0,0,0,10.67,10.67,9.66,10.78,9.7,9.7,-8.577,9.7,9.72,10.445,32952398.91,3154982.0,5735.0,0.0,42391.91,3973,16.0,334446.3,34479,36,225525.0,23250,15,0.0,0.0,0.0,0.0,0,0,0.0,0.0,0.0,0.0,0,0
2021-12-20,MERCN,MERCAN KIMYA,N,MSPOT,MSPOTEQT,MSPOTEQTMERCN,0,0,0,0,0,9.4,9.4,9.13,10.24,9.6,9.6,-1.031,9.59,9.6,9.807,23229563.38,2368586.0,4362.0,0.0,252051.6,26814,102.0,165897.6,17281,16,11808.0,1230,8,0.0,0.0,0.0,0.0,0,0,0.0,0.0,0.0,0.0,0,0
2021-12-21,MERCN,MERCAN KIMYA,N,MSPOT,MSPOTEQT,MSPOTEQTMERCN,0,0,0,0,0,10.0,10.0,9.37,10.13,9.65,9.65,0.521,9.65,9.66,9.772,15220656.16,1557640.0,3416.0,0.0,427150.0,42715,40.0,28670.15,2971,10,9264.0,960,5,0.0,0.0,0.0,0.0,0,0,0.0,0.0,0.0,0.0,0,0
2021-12-22,MERCN,MERCAN KIMYA,N,MSPOT,MSPOTEQT,MSPOTEQTMERCN,0,0,0,0,0,9.65,9.65,9.6,9.94,9.63,9.63,-0.207,9.63,9.64,9.763,14945184.82,1530727.0,2673.0,0.0,689743.4,71476,18.0,150305.04,15608,37,190105.83,19741,17,0.0,0.0,0.0,0.0,0,0,0.0,0.0,0.0,0.0,0,0
2021-12-23,MERCN,MERCAN KIMYA,N,MSPOT,MSPOTEQT,MSPOTEQTMERCN,0,0,0,0,0,9.7,9.7,9.47,9.76,9.56,9.56,-0.727,9.56,9.57,9.614,9084741.95,944934.0,2122.0,0.0,35453.5,3655,10.0,214899.24,22479,25,7648.0,800,3,0.0,0.0,0.0,0.0,0,0,0.0,0.0,0.0,0.0,0,0
2021-12-24,MERCN,MERCAN KIMYA,N,MSPOT,MSPOTEQT,MSPOTEQTMERCN,0,0,0,0,0,9.61,9.61,9.53,9.74,9.72,9.72,1.674,9.71,9.72,9.646,10470526.05,1085534.0,2405.0,0.0,13031.16,1356,10.0,114015.6,11730,19,30141.72,3101,10,0.0,0.0,0.0,0.0,0,0,0.0,0.0,0.0,0.0,0,0
2021-12-27,MERCN,MERCAN KIMYA,N,MSPOT,MSPOTEQT,MSPOTEQTMERCN,0,0,0,0,0,9.72,9.72,9.59,9.89,9.63,9.63,-0.926,9.63,9.64,9.718,16033602.97,1649920.0,3629.0,0.0,16844.76,1733,13.0,34571.7,3590,26,93959.91,9757,13,0.0,0.0,0.0,0.0,0,0,0.0,0.0,0.0,0.0,0,0
2021-12-28,MERCN,MERCAN KIMYA,N,MSPOT,MSPOTEQT,MSPOTEQTMERCN,0,0,0,0,0,9.65,9.65,9.31,9.7,9.43,9.43,-2.077,9.43,9.44,9.53,9625820.46,1010075.0,2868.0,0.0,656209.65,68001,8.0,24668.88,2616,15,53977.32,5724,22,0.0,0.0,0.0,0.0,0,0,0.0,0.0,0.0,0.0,0,0
2021-12-29,MERCN,MERCAN KIMYA,N,MSPOT,MSPOTEQT,MSPOTEQTMERCN,0,0,0,0,0,9.44,9.44,9.24,9.49,9.4,9.4,-0.318,9.4,9.42,9.409,5932331.34,630465.0,2105.0,0.0,6570.24,696,10.0,78725.0,8375,18,9475.2,1008,8,0.0,0.0,0.0,0.0,0,0,0.0,0.0,0.0,0.0,0,0
2021-12-30,MERCN,MERCAN KIMYA,N,MSPOT,MSPOTEQT,MSPOTEQTMERCN,0,0,0,0,0,9.48,9.48,9.41,9.57,9.48,9.48,0.851,9.47,9.48,9.492,7303774.42,769473.0,1791.0,0.0,29454.36,3107,17.0,20818.08,2196,8,27691.08,2921,7,0.0,0.0,0.0,0.0,0,0,0.0,0.0,0.0,0.0,0,0
2021-12-31,MERCN,MERCAN KIMYA,N,MSPOT,MSPOTEQT,MSPOTEQTMERCN,0,0,0,0,0,9.52,9.52,9.41,9.73,9.7,9.7,2.321,9.69,9.7,9.592,8661045.7,902959.0,1911.0,0.0,7654.08,804,10.0,165394.7,17051,17,111666.4,11512,9,0.0,0.0,0.0,0.0,0,0,0.0,0.0,0.0,0.0,0,0
